,price
10000,72.70681388543825
10001,198.53904124860648
10002,67.38463541585148
10003,77.6371756021756
10004,207.9202537878788
10005,199.9494927536232
10006,65.24294592030361
10007,209.35762820512824
10008,197.07140942028985
10009,85.41185192307691
10010,23.833747435752848
10011,57.75751713417485
10012,22.092605922233794
10013,62.218684144419036
10014,213.23665873015875
10015,112.35017370600414
10016,31.938380810041405
10017,71.73313949208686
10018,79.89970655270658
10019,24.278614677103718
10020,172.6536842105263
10021,182.02714393939397
10022,62.368716448686236
10023,121.46766483516483
10024,24.278614677103718
10025,62.64261388074292
10026,188.93140873015872
10027,55.066765971755885
10028,227.25720418470414
10029,73.14481048581051
10030,166.83345751231528
10031,91.38558333333336
10032,165.84488491048592
10033,158.4036842105263
10034,210.3701342657343
10035,22.31289334064649
10036,71.80088965517243
10037,172.04776785714287
10038,159.15815359828142
10039,22.130434820306792
10040,168.4734575123153
10041,72.45285158385093
10042,40.28661076637738
10043,198.27730769230772
10044,181.9773076923077
10045,117.32892871602083
10046,36.74006608766234
10047,166.83345751231528
10048,203.32496212121214
10049,166.6192895962733
10050,79.60593962178173
10051,168.23434782608697
10052,204.16704545454544
10053,22.41209780921426
10054,197.0442391304348
10055,157.98983572567784
10056,45.21158463731756
10057,61.04950723886641
10058,59.237802020202025
10059,113.9263011904762
10060,27.669901288475494
10061,55.33105208333334
10062,61.596385697098
10063,23.027725695478164
10064,194.80376785714287
10065,52.45204411867612
10066,208.79147435897434
10067,97.31845700354611
10068,76.43013784461155
10069,196.20012417898195
10070,193.56341666666668
10071,206.19
10072,96.97370478983382
10073,160.50537386569872
10074,58.76337898550726
10075,46.34453737070566
10076,207.9447391304348
10077,76.44922520637257
10078,132.0243988364577
10079,213.1172142857143
10080,198.37763656633223
10081,112.88582242395287
10082,216.0247692307693
10083,189.83011057880623
10084,117.68452987012991
10085,189.26625
10086,227.21612026862022
10087,42.115451212121215
10088,80.41249129666787
10089,59.89790719992568
10090,56.41097746521476
10091,192.26757575757577
10092,53.25399670070266
10093,54.14828143288587
10094,201.88676785714287
10095,195.30551295518208
10096,69.34127316821466
10097,27.70045376853468
10098,22.886523887937663
10099,78.02274158473105
10100,57.650174709932415
10101,87.01305555555555
10102,116.74168474025973
10103,183.11543006993006
10104,22.54072159059845
10105,167.661350877193
10106,53.50413263468348
10107,166.34682608695653
10108,161.41375170068028
10109,205.24375
10110,84.55099743589744
10111,210.24967365967368
10112,40.9306260639287
10113,78.26383001003124
10114,75.59163604500382
10115,73.87493105140473
10116,201.88621212121214
10117,206.19167272727273
10118,81.0992562751741
10119,187.22390350877194
10120,62.88038520001618
10121,209.8361212121212
10122,120.6301177536232
10123,215.01940598290602
10124,200.5016812865497
10125,199.34187500000002
10126,204.41343452380954
10127,39.164856288976736
10128,21.066639879243564
10129,197.18173913043478
10130,53.453159865014996
10131,195.2084097007224
10132,209.05612026862028
10133,75.69159366515836
10134,21.53692222774327
10135,215.74521212121212
10136,79.4960661268556
10137,61.13391355785391
10138,64.010660514059
10139,212.47676785714287
10140,73.80980271906743
10141,119.20762537382105
10142,57.648132394422944
10143,42.61136777777779
10144,204.16704545454544
10145,200.45314263920673
10146,190.3500272727273
10147,207.11343452380953
10148,73.44240661064427
10149,207.65265873015875
10150,197.33586809024308
10151,125.85123949579835
10152,64.41644150070127
10153,210.16121212121215
10154,209.1456727272727
10155,196.4157486263736
10156,41.43237728174809
10157,61.28127689118725
10158,25.80027748449985
10159,201.91954545454547
10160,158.40682608695653
10161,137.3780617239903
10162,74.60825258635721
10163,155.29827582538513
10164,57.36880747126438
10165,60.331174054440865
10166,98.9333254730801
10167,204.42897435897436
10168,193.0515987460815
10169,118.0747840225564
10170,161.28635507246378
10171,200.64992094861663
10172,193.64435087719298
10173,71.86578400682012
10174,61.89963557245767
10175,94.36341093947925
10176,156.8277436147186
10177,169.4761011904762
10178,62.27392092991265
10179,58.08832362082362
10180,118.75145341614908
10181,34.771810240597716
10182,196.98383264320222
10183,55.408019262534935
10184,72.61199404761906
10185,60.59524807692308
10186,205.36118357487922
10187,44.23168680272767
10188,38.363320147245545
10189,116.30203661327232
10190,62.37104503058722
10191,206.01272727272726
10192,96.37390643274853
10193,67.69168617511522
10194,63.292684076637215
10195,61.38127032967035
10196,76.4459906815953
10197,201.5127272727273
10198,167.12015708695654
10199,42.195038318903315
10200,61.07786963376183
10201,203.93140873015872
10202,205.1042391304348
10203,145.7248021181717
10204,150.08123124124592
10205,204.05437500000002
10206,192.61922959572843
10207,176.82664411976913
10208,63.58118458937198
10209,66.37379645909644
10210,182.90376732551076
10211,81.89289460784313
10212,50.44743896103896
10213,196.341600877193
10214,75.74547619047621
10215,72.2775293174782
10216,52.038176581209406
10217,191.67708603896102
10218,74.8479836829837
10219,77.33936970367094
10220,205.11545454545453
10221,99.73332304900183
10222,39.6352362279954
10223,212.13763095238096
10224,57.725866531850365
10225,157.9808260869565
10226,164.9644927536232
10227,114.89008299008393
10228,168.83730769230772
10229,73.59233098644866
10230,164.16471989966556
10231,67.28271298858307
10232,64.79546997553855
10233,62.06341312056738
10234,199.57600790513834
10235,130.74212727272726
10236,47.17503217160849
10237,71.46034682496153
10238,195.38801754385966
10239,213.8241835748792
10240,26.707118343783456
10241,30.734321158835495
10242,159.37345751231527
10243,197.07140942028985
10244,39.58628782934637
10245,75.97522830663961
10246,94.71582500000002
10247,41.84429050567249
10248,180.18651785714286
10249,119.60623363592931
10250,189.0525272727273
10251,79.19338251879698
10252,24.033000180402123
10253,215.0470578117535
10254,64.8184262485482
10255,48.12376721611722
10256,73.26879801242237
10257,45.12282228473698
10258,170.41083333333336
10259,45.13575371067468
10260,72.79261571761573
10261,184.27543006993005
10262,202.6525
10263,215.0470578117535
10264,64.42778306878307
10265,36.22524226432155
10266,148.32135087719297
10267,189.9767391304348
10268,60.720840143369195
10269,95.62450142857143
10270,201.7047219251337
10271,205.25694444444443
10272,203.45694444444445
10273,60.98395353535354
10274,58.680325022182785
10275,95.22203812316715
10276,56.13270218164344
10277,58.696573612502505
10278,58.212390899122816
10279,146.9248076923077
10280,42.207318832675845
10281,67.72506828467299
10282,171.68647597254005
10283,196.65630769230773
10284,204.3248076923077
10285,56.48108496732027
10286,196.12833603896107
10287,50.53519343280675
10288,29.4889671020229
10289,75.14135054741556
10290,25.54284512239849
10291,50.09559283000807
10292,197.07140942028985
10293,57.2248864434397
10294,109.59695942028986
10295,208.0167391304348
10296,205.14868357487921
10297,56.11279271240454
10298,198.1978758741259
10299,194.6644927536232
10300,198.16983333333332
10301,204.3248076923077
10302,70.28007146448326
10303,63.10246700083544
10304,158.87099499374216
10305,168.6619090909091
10306,213.15888095238097
10307,203.40840579710147
10308,33.698000699751205
10309,203.79900735294117
10310,193.65115942028984
10311,112.82525183982686
10312,195.9110098039216
10313,75.20003743031161
10314,142.83345751231528
10315,200.6165876152833
10316,59.13267666543983
10317,79.65068720947669
10318,205.11545454545453
10319,58.15381020239397
10320,194.661350877193
10321,169.9794723092999
10322,170.61256292906177
10323,203.5160576923077
10324,157.9575023923445
10325,169.3447427536232
10326,71.81463762829067
10327,172.27266166040886
10328,72.79261571761573
10329,163.7934675990676
10330,164.92324397891963
10331,69.51138152654364
10332,85.37133856275304
10333,213.8241835748792
10334,186.25630769230773
10335,77.10209033189035
10336,55.285249849033825
10337,72.43992950592886
10338,159.80608333333333
10339,47.08457209651918
10340,188.327
10341,180.9671842105263
10342,62.601593120567394
10343,91.45135921744159
10344,42.332725192150676
10345,208.79147435897434
10346,56.133729094257546
10347,112.126111716792
10348,32.381199396050754
10349,141.40376785714287
10350,81.98881109022557
10351,23.057450312552476
10352,64.8122293621013
10353,167.6644927536232
10354,60.73850357142858
10355,76.68949122807018
10356,79.09601617680565
10357,100.95807488505747
10358,170.70860283687944
10359,183.4160576923077
10360,45.0329380387109
10361,176.14600812231248
10362,71.42624172436092
10363,205.11545454545453
10364,133.95476785714285
10365,74.18655273892774
10366,210.4485198135198
10367,60.672642124139955
10368,204.98647597254006
10369,203.48340579710148
10370,68.99798021680218
10371,47.36423990196079
10372,145.75404124860648
10373,81.86143365893368
10374,168.38801754385966
10375,204.23291666666668
10376,114.6984447368421
10377,120.31358552631579
10378,213.79494444444444
10379,74.42591676481413
10380,135.04089655172413
10381,24.03027133178736
10382,205.24173913043478
10383,54.05085263214329
10384,214.6812041847042
10385,68.15623257107721
10386,81.12254048582994
10387,156.1053738656987
10388,188.274901973402
10389,202.13140873015874
10390,183.11543006993006
10391,204.30454545454546
10392,168.4734575123153
10393,114.00443452380952
10394,181.43789606227108
10395,204.29579545454547
10396,71.7602836134454
10397,202.22193452380952
10398,100.69553684210527
10399,202.51069444444445
10400,195.44537386569874
10401,61.50805624441894
10402,71.50724789915968
10403,39.62689971853895
10404,92.29571158008659
10405,55.618006197212765
10406,196.83500606060608
10407,190.0343181818182
10408,204.1337121212121
10409,199.64539411976912
10410,159.97846666666666
10411,169.44801754385963
10412,65.46850681003585
10413,203.9041713659148
10414,76.51744234931735
10415,58.52748204139247
10416,200.5892540792541
10417,49.330118616541355
10418,200.64992094861663
10419,57.326837504634796
10420,167.80376785714287
10421,66.74958356803461
10422,203.48340579710148
10423,61.428260416964214
10424,159.7244927536232
10425,181.42738324175826
10426,167.12015708695654
10427,72.5648511904762
10428,176.36968452380955
10429,210.81808302183754
10430,197.01316905901118
10431,72.51660900682012
10432,56.45746241830066
10433,161.14382608695652
10434,72.436
10435,66.34784714486887
10436,212.47676785714287
10437,161.65205685618727
10438,205.7197391304348
10439,137.76241170323928
10440,50.516685124057524
10441,181.54776785714287
10442,210.19223913043479
10443,59.2465201388889
10444,206.08454761904758
10445,94.67017273954116
10446,47.097999670329685
10447,136.0283738656987
10448,208.06050213675212
10449,198.27730769230772
10450,166.1244927536232
10451,56.07717087669049
10452,22.69936039247957
10453,71.56064975773587
10454,207.65265873015875
10455,59.0672352983683
10456,120.32488624338626
10457,209.38348913043478
10458,177.8867354684789
10459,120.44349275362319
10460,104.93967517921146
10461,32.654773746462936
10462,21.538722962590327
10463,193.6474927536232
10464,55.42297804487181
10465,165.38148989966558
10466,56.34706425904344
10467,21.714357346896463
10468,169.70660283687943
10469,197.43730769230768
10470,90.54880116959063
10471,115.49666394246488
10472,68.53800120779496
10473,143.7106442687747
10474,93.92909743589743
10475,42.17441230735983
10476,26.51438288906216
10477,61.32902539682539
10478,63.36724138617736
10479,61.080596199349316
10480,121.56863474025974
10481,115.85600833333334
10482,22.4531221078881
10483,210.40743589743593
10484,81.22681083390293
10485,176.78850790513832
10486,30.77761866437219
10487,172.5442391304348
10488,25.85995863586739
10489,208.0167391304348
10490,62.02544591728527
10491,72.61377416267943
10492,160.53345751231527
10493,161.08179369829253
10494,42.48775694743229
10495,81.62881680819181
10496,66.05802722277721
10497,113.49073913043478
10498,214.64012026862028
10499,203.66240579710148
10500,62.14201978021979
10501,212.30593452380953
10502,35.875360184424856
10503,47.79346361944621
10504,55.648686818561885
10505,42.84439732882932
10506,63.232513979328175
10507,165.84488491048592
10508,77.21225106266283
10509,62.23145298850575
10510,118.86572461068344
10511,170.51083333333335
10512,205.1042391304348
10513,63.61357649727768
10514,60.21091397557666
10515,202.26115021008403
10516,50.98129062745099
10517,54.54035823006622
10518,193.02449275362318
10519,203.15231331168832
10520,47.397193437314336
10521,84.50033427800268
10522,204.3248076923077
10523,188.56000606060607
10524,98.57432581453635
10525,191.08166666666668
10526,55.543968863252985
10527,159.60793617021278
10528,76.22298214285713
10529,167.22560283687943
10530,204.34621212121215
10531,51.49180846153846
10532,114.66190579710144
10533,167.48488491048593
10534,149.08526108374383
10535,169.5761011904762
10536,50.90762380168669
10537,30.382326550748463
10538,206.30516483516485
10539,215.00420066889637
10540,37.125171335174116
10541,201.5127272727273
10542,134.60378465506125
10543,190.73649334733895
10544,192.8561127819549
10545,196.3447427536232
10546,211.23512820512823
10547,182.98340579710148
10548,56.00394871794872
10549,209.47795454545454
10550,34.87919865495196
10551,167.0219090909091
10552,146.75450239234448
10553,164.7848849104859
10554,119.88573913043479
10555,27.21481817609926
10556,72.42354591158204
10557,63.23815224344285
10558,159.72135087719298
10559,24.34320102052036
10560,40.95878170883154
10561,43.35645567458846
10562,39.58384405718628
10563,105.23323910569107
10564,33.694883001598996
10565,72.08059682539684
10566,81.65135087719298
10567,163.51050076923076
10568,77.96324799498747
10569,22.69595405942606
10570,214.64012026862028
10571,121.06624136501796
10572,72.28802634848812
10573,119.59668418537986
10574,228.61566262626258
10575,226.48721230158725
10576,165.38148989966558
10577,169.49262608695653
10578,115.48650241063285
10579,46.06781129370629
10580,65.08862519525607
10581,57.18680731196581
10582,64.09429171168391
10583,158.4036842105263
10584,59.19513164251208
10585,69.21147172949003
10586,114.61860359990888
10587,158.00576785714287
10588,131.85985121741004
10589,39.90420749990225
10590,209.1123393939394
10591,67.56207407407409
10592,164.16471989966556
10593,203.74018357487924
10594,204.3248076923077
10595,216.2685032051282
10596,51.76497024913467
10597,82.19631908384486
10598,80.07525858585858
10599,45.899083648282314
10600,165.84488491048592
10601,58.59502930808503
10602,46.020686645354644
10603,96.87674019208099
10604,202.53993357487923
10605,99.34605320574163
10606,69.05906626639062
10607,205.33194444444445
10608,64.81923536585366
10609,38.620890282908555
10610,41.15047855821245
10611,39.44053015941803
10612,50.70711017761119
10613,30.60860100105006
10614,187.17351574212893
10615,165.45648989966557
10616,119.47052759740261
10617,169.54376785714288
10618,76.23488565162909
10619,203.32496212121214
10620,222.36128458498018
10621,52.70547168383483
10622,167.80376785714287
10623,161.28635507246378
10624,70.26504513035982
10625,186.1608846153846
10626,164.70368421052632
10627,203.32496212121214
10628,33.640533687821616
10629,80.22202120328474
10630,62.682943073289515
10631,56.023281854431005
10632,185.03438729034124
10633,64.27996863799284
10634,186.99564664502162
10635,30.65380246742668
10636,42.069716215156795
10637,224.88193452380952
10638,72.40915001262371
10639,66.73841451829246
10640,174.8488392857143
10641,76.63057330827067
10642,44.876446399907564
10643,64.43936505710279
10644,205.25694444444443
10645,188.85363095238097
10646,24.13683654141764
10647,45.0658678322156
10648,25.606910795346437
10649,112.52630119047619
10650,53.05065751958351
10651,53.507341800627636
10652,59.61170952380953
10653,209.21630769230768
10654,54.16638782051283
10655,80.0974112924113
10656,155.28348484848487
10657,113.74012008281576
10658,65.34796132274833
10659,188.8442927536232
10660,99.42624292906177
10661,81.71232753706359
10662,186.60007246376813
10663,160.3192895962733
10664,71.46264949874687
10665,80.10749129666786
10666,167.89075333333335
10667,160.07176785714287
10668,24.455606845207264
10669,98.49175
10670,210.68450320512824
10671,100.93838504385965
10672,196.75592041698448
10673,172.8476482213439
10674,72.55863080463016
10675,42.08883061497327
10676,100.78332593301432
10677,44.973133470130705
10678,195.99276785714287
10679,206.54397435897437
10680,228.02618357487918
10681,75.8643444055944
10682,206.72193452380952
10683,55.33829444866782
10684,73.24764197739043
10685,67.14888336210132
10686,64.79357161195672
10687,23.041213261150652
10688,208.84621212121215
10689,169.8471076923077
10690,72.85339706784444
10691,55.87956013921246
10692,32.33062865361312
10693,198.18173913043478
10694,43.31752194069436
10695,23.453393633987247
10696,159.39068965517242
10697,120.22953941891441
10698,163.09080685618727
10699,65.75349251932953
10700,167.72968452380954
10701,189.27376114082
10702,80.98405334603476
10703,213.5257391304348
10704,76.55702926702928
10705,59.31979909950677
10706,60.303231426978826
10707,29.4889671020229
10708,170.79066666666668
10709,21.9272168491462
10710,156.39205685618728
10711,76.04742153679655
10712,204.3248076923077
10713,199.39812587412592
10714,56.224722613738926
10715,39.768959016488864
10716,58.483492793321695
10717,49.4628704478918
10718,204.0997123015873
10719,41.91366342209896
10720,47.949939298050495
10721,182.98340579710148
10722,74.46320872670807
10723,117.66449862637361
10724,29.64352589907616
10725,168.77083333333334
10726,178.87922959572845
10727,158.45360119047618
10728,207.82496212121214
10729,62.93062820512821
10730,71.55113866046236
10731,38.78673720295818
10732,66.32201920525294
10733,56.194613574840105
10734,21.99256334452584
10735,203.56118357487924
10736,196.95185953520163
10737,175.3617391304348
10738,212.3392678571429
10739,68.16831464432713
10740,203.27090579710145
10741,168.5734575123153
10742,94.51788690476192
10743,37.27065028358737
10744,55.577495807533545
10745,204.54461779448621
10746,21.95258082431198
10747,65.7485738216924
10748,195.3882142857143
10749,112.1604927536232
10750,42.88873639724707
10751,58.17801457344374
10752,156.1053738656987
10753,209.386867335563
10754,73.02661178266177
10755,198.97329254079256
10756,70.57104776714513
10757,55.73025853541876
10758,23.83406636270197
10759,57.62593053038786
10760,212.86985314685316
10761,51.720737896649226
10762,193.80851574212892
10763,69.216443813295
10764,61.40893587592169
10765,115.54038931419457
10766,70.31078400682011
10767,22.932258766473165
10768,65.02235812731502
10769,61.664347875816986
10770,228.53788484848482
10771,42.6473782002092
10772,192.2441258741259
10773,158.3124756795999
10774,161.50376785714286
10775,33.67816512275311
10776,169.44052298850576
10777,72.61814719426914
10778,69.19099081035924
10779,167.0165
10780,165.4855933014354
10781,182.03080128205127
10782,201.09221153846153
10783,66.27553479853478
10784,131.81260921052632
10785,203.5160576923077
10786,197.78336580086582
10787,200.93
10788,78.66967708486904
10789,24.066802855884003
10790,207.9125
10791,78.52386838019666
10792,42.97968923463436
10793,55.58805284423179
10794,26.602956401229214
10795,75.78023905723907
10796,199.76533154121864
10797,183.82569230769232
10798,207.9541666666667
10799,50.68879164512129
10800,198.70115495391707
10801,205.31673913043477
10802,225.12776785714286
10803,186.3894927536232
10804,182.80454545454546
10805,69.29479441707717
10806,23.06232667052641
10807,191.6751824087956
10808,216.1102975912976
10809,208.81041666666664
10810,207.82496212121214
10811,22.882667628052765
10812,34.69996417079268
10813,76.58924448100917
10814,180.86793006993008
10815,41.0378087587137
10816,73.61648339230429
10817,141.84488491048592
10818,194.6644927536232
10819,186.77443452380953
10820,63.1223642697337
10821,139.81991450800916
10822,211.16223214285714
10823,212.3392678571429
10824,60.30308333333335
10825,60.102746315789474
10826,197.07140942028985
10827,228.93167272727274
10828,207.80423913043478
10829,170.0963511904762
10830,204.34621212121215
10831,119.78172390109891
10832,166.59434782608696
10833,201.88621212121214
10834,58.06010158460667
10835,44.23453844154869
10836,66.05859845223428
10837,227.50694444444443
10838,103.36348510951291
10839,70.26288441041717
10840,197.20276785714287
10841,23.439713691377612
10842,169.19756321839083
10843,137.70871929824563
10844,197.07458603896106
10845,195.38801754385966
10846,163.89116529304027
10847,60.341807396110106
10848,50.7828927747981
10849,208.37122939560442
10850,185.7207090909091
10851,58.20899857578401
10852,204.27121212121216
10853,165.84488491048592
10854,212.70582608695653
10855,56.5130934990935
10856,69.88181904761905
10857,66.4383752136752
10858,76.64559415925963
10859,210.77167272727274
10860,62.3218950514844
10861,64.83794749103943
10862,23.954272621326588
10863,61.48949361943361
10864,112.89289610389612
10865,205.20840579710148
10866,37.438449758909854
10867,44.57581289164941
10868,76.60924862661707
10869,72.81259310621748
10870,96.16562222931066
10871,165.34815656633222
10872,170.76761634199136
10873,195.23434782608697
10874,55.35557006791223
10875,226.97379487179487
10876,82.30618758434548
10877,59.7840485380117
10878,69.45025549144698
10879,57.38201190330727
10880,194.2955533596838
10881,207.65265873015875
10882,53.13536520541709
10883,198.11608333333336
10884,56.10661705288176
10885,165.92689754689755
10886,54.54315213746069
10887,225.01943452380948
10888,194.6644927536232
10889,44.11782976386536
10890,64.5502346090395
10891,52.379770609318996
10892,49.96379363869464
10893,34.14876515627534
10894,192.8417430340557
10895,208.0611835748792
10896,216.67004166666666
10897,187.11301754385966
10898,65.09661869918699
10899,194.81115942028984
10900,32.98814639694014
10901,31.362625439970998
10902,56.14919476117204
10903,207.1912123015873
10904,73.92795206971678
10905,195.73629249205186
10906,73.19613414687615
10907,193.66793617021276
10908,203.35829545454547
10909,144.76434389140272
10910,56.99529949929208
10911,71.29098983516484
10912,205.49416666666667
10913,194.91900255754476
10914,160.50537386569872
10915,205.51094444444442
10916,161.28635507246378
10917,116.66160239760242
10918,204.92390350877196
10919,43.73628927180838
10920,144.1335023923445
10921,203.07765873015873
10922,80.25081196581196
10923,213.79494444444444
10924,142.90971473354233
10925,61.857487274220034
10926,68.5856169241611
10927,146.2383339239471
10928,81.37344576719576
10929,153.56793617021276
10930,59.85155819802088
10931,28.76324104381127
10932,165.67345751231528
10933,144.67148484848485
10934,196.6964880952381
10935,205.43
10936,161.27018044455545
10937,193.56341666666668
10938,41.434975317175414
10939,39.28754174036562
10940,121.0761625523714
10941,154.78089940323957
10942,194.94394432773112
10943,50.822449047086444
10944,62.56199725885906
10945,75.31240231259967
10946,189.06175000000002
10947,53.46881915933528
10948,191.6751824087956
10949,173.6720405323654
10950,79.32903250310798
10951,59.270511134676575
10952,22.515584127303118
10953,145.2715612158739
10954,194.6644927536232
10955,59.3457653728158
10956,54.46627115909092
10957,213.6007391304348
10958,43.13505743575861
10959,76.26301481481482
10960,196.20012417898195
10961,72.27578003663004
10962,60.2046719137585
10963,78.480431013431
10964,49.428979892336244
10965,215.0486451133408
10966,58.52748153717628
10967,182.13046640316207
10968,155.69782608695652
10969,23.428380944956952
10970,165.85113811123554
10971,182.90376732551076
10972,199.38604582693293
10973,117.66449862637361
10974,175.03789606227107
10975,73.24808095238096
10976,198.13167272727273
10977,58.88540028399804
10978,63.703268049155135
10979,148.7463109354414
10980,41.847224721775696
10981,59.708979059829076
10982,157.97768421052632
10983,196.1751824087956
10984,26.484272321209893
10985,29.561768432442477
10986,204.3248076923077
10987,193.65115942028984
10988,174.67468421052632
10989,59.38769598011423
10990,197.29525270562772
10991,100.67084602598091
10992,199.6667391304348
10993,199.4041713659148
10994,53.07197737732565
10995,175.83126078710288
10996,189.14041836734694
10997,97.59835420851552
10998,195.44537386569874
10999,188.07816905901117
11000,206.48852987012987
11001,148.5855023923445
11002,128.89632987483532
11003,62.905160994154
11004,85.88461363636365
11005,192.10662587412588
11006,204.3248076923077
11007,39.03688521642619
11008,215.0486451133408
11009,149.61439393939395
11010,75.79300451127821
11011,202.61608333333336
11012,194.69159874608152
11013,65.54346132274834
11014,142.04943452380954
11015,154.53620066889636
11016,226.37094444444438
11017,194.0921842105263
11018,196.1751824087956
11019,194.3707090909091
11020,206.7997123015873
11021,194.75262608695652
11022,51.66364542712189
11023,57.13508302005014
11024,41.560526111388235
11025,68.83390243902438
11026,165.42512417898195
11027,26.6392899052613
11028,51.65873514284097
11029,207.98340579710148
11030,61.99155264246533
11031,58.489796286176656
11032,178.92157608695652
11033,22.43392016979047
11034,35.52828123688688
11035,79.2467435897436
11036,209.04465873015874
11037,196.20012417898195
11038,52.1390518944841
11039,179.83449275362318
11040,78.13599896399897
11041,178.30908871321915
11042,195.82316666666668
11043,55.50082083545421
11044,73.76170980392156
11045,59.97497712590356
11046,205.2861835748792
11047,202.13140873015874
11048,85.47648279352227
11049,77.1177675248728
11050,65.27853557504872
11051,182.4357391304348
11052,199.75535714285718
11053,43.46669021213787
11054,201.9248076923077
11055,62.92823041474655
11056,169.3447427536232
11057,186.93058333333335
11058,193.59434782608696
11059,116.23597045454544
11060,204.98647597254006
11061,193.02449275362318
11062,174.56826754385966
11063,166.90757575757578
11064,167.8788260869565
11065,51.1051539464883
11066,61.28211632653063
11067,204.95265873015873
11068,155.7327738656987
11069,168.61647272727276
11070,166.80851574212892
11071,64.1591058106407
11072,40.418394324063776
11073,23.405101232304148
11074,204.1337121212121
11075,21.615390601856955
11076,52.44653925052412
11077,112.80418452380952
11078,213.57150000000001
11079,51.07967165151515
11080,79.89970655270658
11081,199.97443452380952
11082,93.89599838056681
11083,76.63057330827067
11084,54.772005112889985
11085,27.74477962895808
11086,77.8086126984127
11087,168.4734575123153
11088,206.41233939393942
11089,182.55121070234114
11090,61.787704437745674
11091,62.75882176381513
11092,211.06058275058277
11093,201.55238095238096
11094,56.52862644183773
11095,193.9957090909091
11096,27.126100479579673
11097,64.12173300677827
11098,58.51472608695652
11099,158.90693497975707
11100,24.450815998425337
11101,206.5773076923077
11102,61.317902439024394
11103,197.89949275362318
11104,144.4918770053476
11105,30.370761273228105
11106,207.90840579710147
11107,204.34621212121215
11108,57.378026030903335
11109,121.27737912087912
11110,193.83345751231528
11111,179.30801754385965
11112,136.1437751196172
11113,163.12082608695653
11114,63.122334189965066
11115,175.5248076923077
11116,98.11633470384935
11117,75.4719010942761
11118,157.37277386569872
11119,66.04601945330654
11120,50.262435650982546
11121,180.90840579710147
11122,143.9541818181818
11123,204.47443452380952
11124,62.68338317460318
11125,58.48312676150404
11126,23.724784830839123
11127,99.2027004608295
11128,180.77007575757574
11129,203.48340579710148
11130,150.89743452380952
11131,216.67459627329194
11132,199.73649334733895
11133,161.50052298850576
11134,86.44874924242424
11135,29.32913438087774
11136,208.34628762541806
11137,207.08849275362317
11138,192.57140942028985
11139,77.74659932659934
11140,205.13875
11141,58.43444859031973
11142,91.08646004103423
11143,72.4368932505176
11144,159.1855933014354
11145,64.80664854696712
11146,169.5961011904762
11147,47.478892147293706
11148,56.06951357571835
11149,200.62068181818182
11150,61.06257161195673
11151,51.92824243189254
11152,170.43175177865612
11153,95.31065426950545
11154,42.416571657965974
11155,180.92496212121213
11156,23.298822896244346
11157,145.22560283687943
11158,215.01008302183754
11159,46.60051880574652
11160,59.81686702458761
11161,55.622400062243074
11162,180.9525629290618
11163,76.24740533794163
11164,50.98696183333333
11165,226.48721230158725
11166,58.53485008764907
11167,63.0528993679852
11168,72.56097117259552
11169,193.67115942028985
11170,213.8241835748792
11171,131.6087099797366
11172,58.30169348827892
11173,204.29147435897434
11174,61.596806379911094
11175,193.65115942028984
11176,207.80423913043478
11177,193.8444
11178,61.70807326549491
11179,155.62780564263323
11180,208.63587121212123
11181,53.71187084733109
11182,62.344319354420534
11183,63.839735747188875
11184,227.21612026862022
11185,152.35527569413347
11186,213.6007391304348
11187,61.11146871941759
11188,160.71650000000002
11189,45.04698814479289
11190,168.77083333333334
11191,166.44682608695652
11192,173.4303260869565
11193,40.641564957819966
11194,65.17159388979813
11195,122.07262118171684
11196,170.4665391304348
11197,204.52521212121215
11198,64.11912265359243
11199,49.57596462307576
11200,57.97589785335829
11201,61.072238738149714
11202,208.0167391304348
11203,206.15666666666667
11204,162.06175000000002
11205,166.80851574212892
11206,145.01542101869762
11207,88.22669191919192
11208,56.97473640917256
11209,57.834156460089716
11210,70.59424428904428
11211,47.10948739968131
11212,67.04818460721083
11213,203.48340579710148
11214,197.23548913043481
11215,167.661350877193
11216,51.493583934739924
11217,73.38025116550116
11218,42.432682910771554
11219,184.10331662489557
11220,203.35829545454547
11221,213.6007391304348
11222,37.18752688888888
11223,39.89243048703318
11224,205.1165876152833
11225,59.685799090650754
11226,197.23548913043481
11227,80.42376893939395
11228,41.46231712035594
11229,67.19292601880878
11230,202.25526785714285
11231,55.769663903968606
11232,174.1447427536232
11233,194.0219090909091
11234,76.3519884364002
11235,82.05262061403509
11236,58.72846904761904
11237,94.46859907546227
11238,58.87996625622026
11239,59.820451127819545
11240,119.07459102564103
11241,167.68943452380955
11242,78.58006734006736
11243,213.99967384004884
11244,187.11301754385966
11245,169.4761011904762
11246,54.80211894235047
11247,99.67572777833956
11248,45.90656510894427
11249,203.70302118171685
11250,47.982725857208436
11251,38.430049610545815
11252,23.91176311137684
11253,23.562564608153952
11254,107.5475552849515
11255,179.161350877193
11256,207.80423913043478
11257,196.44376785714286
11258,27.800321639563037
11259,40.699650309001896
11260,186.23750469924812
11261,161.09468452380955
11262,99.4554343859649
11263,182.9332142857143
11264,159.7244927536232
11265,168.69674445430346
11266,175.0316862244898
11267,82.42059764309765
11268,207.98340579710148
11269,65.6595439161602
11270,78.0501448378192
11271,206.15666666666667
11272,76.9387461149961
11273,189.32167272727276
11274,47.41760995670996
11275,194.6578047779022
11276,75.67087945266391
11277,191.70012417898195
11278,22.65213595808558
11279,205.46271212121215
11280,58.38742447830339
11281,164.06183093544138
11282,73.75723997493735
11283,194.72968452380954
11284,212.5517678571429
11285,63.21631102345803
11286,63.96608287560908
11287,65.87164234028079
11288,160.75674445430346
11289,62.24508333333334
11290,74.57035092964506
11291,61.089383673469385
11292,167.68943452380955
11293,65.2935487460815
11294,83.78429010695189
11295,159.92323654916513
11296,75.5430681818182
11297,196.20012417898195
11298,50.67900866012066
11299,183.6269642857143
11300,64.08009718614719
11301,27.424685789319504
11302,80.32576719576721
11303,113.6065867494824
11304,75.34564935064937
11305,194.661350877193
11306,62.31723222625844
11307,52.72798698329448
11308,65.46051944240646
11309,72.31046107226108
11310,204.52521212121215
11311,78.32444832944832
11312,72.76017155954658
11313,203.9375046992481
11314,98.65023318979266
11315,39.7366679543042
11316,38.11352481011939
11317,168.54537386569874
11318,205.1499209486166
11319,42.35707231240981
11320,142.04943452380954
11321,223.65892045454547
11322,180.87758799171843
11323,42.97264641233766
11324,206.75526785714288
11325,53.73163131313131
11326,66.23277777777778
11327,216.10871028971027
11328,139.86781140955839
11329,165.66083333333336
11330,159.7244927536232
11331,61.33016390189637
11332,95.60976754385965
11333,215.99857871017875
11334,206.15666666666667
11335,64.32019862670768
11336,201.05673913043478
11337,157.96064426877473
11338,170.06826754385966
11339,142.97976785714286
11340,48.53658039329059
11341,29.266913766431436
11342,201.07194444444445
11343,215.04528458498027
11344,161.2511210273103
11345,190.35225996810206
11346,136.1746842105263
11347,154.9543396551724
11348,51.17549335416358
11349,208.0160576923077
11350,198.27730769230772
11351,40.17629909971071
11352,75.88097082348227
11353,67.52765109910483
11354,77.81440909090911
11355,163.50801754385964
11356,52.41227467417822
11357,213.23665873015875
11358,149.9031690590112
11359,156.9871920475169
11360,95.49012903225807
11361,199.98282608695652
11362,41.23415102841234
11363,161.53743083003954
11364,44.21825764534144
11365,40.327222453391805
11366,163.9244986263736
11367,192.08277972027972
11368,207.90840579710147
11369,75.67236452380953
11370,31.127822710364818
11371,203.63045161290324
11372,119.32186688311688
11373,206.23333939393942
11374,193.56341666666668
11375,120.91640572390574
11376,206.9329166666667
11377,228.6156626262626
11378,96.43314814814815
11379,56.914508293077915
11380,228.96425974025973
11381,203.48618357487922
11382,78.47752525252524
11383,201.47939393939396
11384,145.84207651044608
11385,57.80854621097412
11386,157.10376785714286
11387,166.021350877193
11388,203.5160576923077
11389,69.37657924836601
11390,207.5379209486166
11391,31.62028509738343
11392,65.54672722313147
11393,207.65265873015875
11394,208.21094444444444
11395,182.88250000000002
11396,68.74192680584835
11397,166.80851574212892
11398,155.0734169278997
11399,41.44824000456982
11400,203.48340579710148
11401,98.0528132567695
11402,60.940873015873024
11403,22.903415791331827
11404,195.7967391304348
11405,63.56713709677418
11406,208.34628762541806
11407,203.48272435897437
11408,158.42865942028985
11409,150.93542075969145
11410,208.30227053140098
11411,67.34687145650051
11412,183.0760606060606
11413,62.64261388074292
11414,175.72521212121214
11415,206.54397435897437
11416,190.73167272727272
11417,180.55673913043478
11418,56.20337498515097
11419,215.90809090909093
11420,194.661350877193
11421,212.59621230158731
11422,196.3447427536232
11423,49.09904214005603
11424,206.98727053140095
11425,77.87494763814615
11426,203.27090579710145
11427,163.3500272727273
11428,30.10167766407771
11429,98.3139612625538
11430,22.44731024780996
11431,50.62790325098857
11432,33.72349883753502
11433,203.40840579710147
11434,39.932104370255345
11435,144.2943109354414
11436,63.19524807987712
11437,202.75673913043482
11438,166.8816666666667
11439,207.8791666666667
11440,46.35429758859023
11441,64.98584427217915
11442,167.8788260869565
11443,68.76719310285519
11444,31.81864313342528
11445,94.50890243902438
11446,63.277090336134464
11447,145.793256934881
11448,112.59120703933749
11449,32.754968830213905
11450,60.808686289956064
11451,208.77121212121216
11452,67.43474153190982
11453,178.56411943319836
11454,209.4671669379214
11455,150.71527569413348
11456,78.24711807296018
11457,181.05331488801056
11458,41.03767137827042
11459,43.39264403413817
11460,193.37181818181818
11461,194.97699862637361
11462,203.1082142857143
11463,164.1616852930403
11464,176.1488392857143
11465,167.60833333333335
11466,75.92693694463432
11467,64.73684947171576
11468,120.25804101013402
11469,194.80376785714287
11470,196.67937500000002
11471,50.57871472971473
11472,204.26776785714287
11473,120.53573913043476
11474,65.57658370383801
11475,60.13681626483226
11476,65.75407757296468
11477,164.8644927536232
11478,168.44851574212893
11479,210.437391025641
11480,195.4734575123153
11481,186.5038260869565
11482,75.73332047937913
11483,97.2917318691375
11484,51.976412346027644
11485,194.64824615384617
11486,174.13251950354612
11487,27.71172357321216
11488,32.21046881422925
11489,165.48015708695652
11490,74.86496467908903
11491,58.37904114497004
11492,44.626236346623806
11493,84.12303030303032
11494,161.3303102225483
11495,139.40884973721933
11496,205.11545454545453
11497,196.08928229665074
11498,75.46799624542125
11499,93.37547520117565
11500,26.60809751964552
11501,55.08051830630162
11502,166.1244927536232
11503,62.071982533828965
11504,142.83345751231528
11505,193.80851574212892
11506,47.908041980888676
11507,22.26050437179579
11508,62.62739239766081
11509,33.90739488050505
11510,65.66029705816135
11511,99.16506185931424
11512,71.62561904761905
11513,201.05673913043478
11514,65.89348280175109
11515,61.588114974577664
11516,192.71937499999999
11517,80.18918826636484
11518,197.04125270562773
11519,82.82615384615386
11520,184.57156369183832
11521,166.90851574212894
11522,193.65115942028984
11523,113.96125183982686
11524,23.822855645242694
11525,48.0065264338043
11526,183.6337121212121
11527,209.43540598290602
11528,156.12958603896104
11529,64.95764121380688
11530,65.8346794948364
11531,195.22647597254007
11532,58.10852467532468
11533,57.92288138306138
11534,208.79147435897434
11535,77.4677368927369
11536,90.97125757575758
11537,108.24581720061023
11538,197.9265987460815
11539,71.6972306324123
11540,42.58569115634431
11541,38.563816313932584
11542,151.71882608695654
11543,161.38219367588934
11544,200.6165876152833
11545,159.74943452380953
11546,41.816555533990176
11547,58.676449807445444
11548,65.07308606972495
11549,59.75841202545537
11550,201.44651785714285
11551,43.89667232259838
11552,65.84559306803594
11553,47.562515051533445
11554,193.56341666666668
11555,52.07385256410257
11556,104.96139519276917
11557,78.73993971673254
11558,61.27989178650451
11559,193.67243452380953
11560,55.040690625858666
11561,96.73142616378358
11562,56.17160547545775
11563,163.2682849503438
11564,209.42020066889637
11565,162.1053738656987
11566,78.13599896399897
11567,22.9266860004944
11568,212.8142403846154
11569,167.1255933014354
11570,155.4851351778656
11571,47.29282894474865
11572,161.50052298850576
11573,208.31295429208475
11574,47.76115226634133
11575,55.32430857910259
11576,64.05557084698928
11577,169.54376785714288
11578,184.815
11579,209.18297435897435
11580,56.59749840863882
11581,182.90704545454545
11582,194.6609466543324
11583,158.43176785714286
11584,207.0122123015873
11585,197.41865579710148
11586,175.01295429208474
11587,216.06585314685316
11588,208.37122939560442
11589,182.90840579710147
11590,198.06341666666668
11591,139.44993365330322
11592,105.50086923963136
11593,55.348613524902056
11594,61.770553015873034
11595,61.3161693817878
11596,66.55927502102608
11597,195.21155157715262
11598,112.6662070393375
11599,57.64365149023238
11600,72.88090028011206
11601,179.72193452380952
11602,62.79916993060323
11603,72.8170909876501
11604,192.85547688921497
11605,32.91861105423988
11606,187.74141836734697
11607,62.89379155813799
11608,78.19729088504089
11609,51.693158438697324
11610,204.24558528428093
11611,145.2715612158739
11612,205.91318452380952
11613,159.74943452380953
11614,56.6824943159578
11615,56.15174837844559
11616,174.24263627819548
11617,203.48618357487922
11618,190.51586068111456
11619,206.41233939393942
11620,45.892544906924066
11621,165.5887351778656
11622,214.95238095238096
11623,194.80376785714287
11624,227.4584057971014
11625,61.39025268081345
11626,193.80851574212892
11627,53.0995149797571
11628,182.80423913043478
11629,166.80851574212892
11630,52.75611068376069
11631,83.6139010989011
11632,227.17167582417582
11633,207.50868181818183
11634,194.32282575757577
11635,62.894160302717566
11636,164.1950186263736
11637,196.44376785714286
11638,79.52910419989367
11639,169.46801754385965
11640,207.9155
11641,185.34083333333334
11642,162.37598484848485
11643,163.0824152930403
11644,119.06523595921621
11645,79.47602727681674
11646,58.716755623481774
11647,163.56324009090912
11648,188.09468452380955
11649,149.13345751231526
11650,23.265808352862823
11651,206.86782608695654
11652,204.92390350877196
11653,51.303578944543844
11654,192.0842596533901
11655,58.64497749365093
11656,212.20954545454546
11657,88.2010551948052
11658,45.097774791736875
11659,83.57921713250518
11660,212.13512820512824
11661,31.48038448372875
11662,199.1195454545455
11663,99.27325331621736
11664,82.87186363636366
11665,79.09633267195768
11666,25.9933276651037
11667,52.71480701754386
11668,200.6558033015578
11669,186.9128315544105
11670,45.456364699798485
11671,74.41435933528837
11672,61.56405092897376
11673,86.34669020979021
11674,176.9509496753247
11675,25.705160181986837
11676,96.03576754385965
11677,27.27325235633659
11678,42.008551984126996
11679,208.9749642857143
11680,156.88387700534759
11681,212.77521230158732
11682,50.62790325098857
11683,37.86105807975222
11684,21.293273629427283
11685,213.6007391304348
11686,202.04397435897437
11687,114.8295088274045
11688,59.582757490804944
11689,76.13338257575758
11690,111.87985638528139
11691,61.24237966757937
11692,206.15833939393943
11693,196.21923484848486
11694,59.985340061552314
11695,38.05064922773463
11696,47.60502575198612
11697,59.820451127819545
11698,61.97912448871383
11699,60.16641444600282
11700,81.1994481965403
11701,61.66919926933015
11702,71.09752600732601
11703,60.6815120335231
11704,76.81858770858771
11705,61.58222466124662
11706,51.28625318696809
11707,83.13603322088693
11708,55.85525225758581
11709,47.7854502828368
11710,202.22193452380952
11711,74.14620358136487
11712,30.115524548196827
11713,61.94902423167851
11714,201.88621212121214
11715,46.45814712552133
11716,79.10588094167043
11717,223.18300699300704
11718,72.21083692351128
11719,52.864254157262295
11720,113.78385327635331
11721,76.09066919191919
11722,37.43723848855451
11723,156.10851574212893
11724,57.102930641821935
11725,199.85250000000002
11726,66.56618280175108
11727,62.036624488713834
11728,204.1337121212121
11729,169.3447427536232
11730,52.59311821036107
11731,195.38801754385966
11732,208.03194444444443
11733,23.197547400383876
11734,182.77795454545455
11735,182.77090579710145
11736,166.43337984848486
11737,68.04090096208265
11738,65.37187502102609
11739,204.47443452380952
11740,27.79068461254344
11741,38.38300058982943
11742,23.826869792078305
11743,70.3949195767196
11744,51.50511371645166
11745,81.00104166666668
11746,167.80376785714287
11747,198.06341666666668
11748,41.76204255555082
11749,184.2248076923077
11750,203.31699999999998
11751,199.2985454545455
11752,71.68892117259551
11753,69.09664552725732
11754,80.31880116959064
11755,114.35137841614907
11756,71.96357396399898
11757,204.82025735294118
11758,95.78441516378359
11759,57.64598189746302
11760,191.67708603896102
11761,197.67846153846153
11762,214.970867335563
11763,228.57457871017868
11764,127.03311688311688
11765,56.182045138888896
11766,76.6016810966811
11767,118.55015410052913
11768,152.76688491048594
11769,135.7994772727273
11770,167.5863550724638
11771,21.490546646693076
11772,69.22827462750804
11773,209.34694444444443
11774,165.06074397891962
11775,29.378292025590923
11776,204.78104166666668
11777,96.32185415767613
11778,58.06675066346281
11779,186.386350877193
11780,63.21870485208367
11781,76.04705534859878
11782,205.11944444444444
11783,172.07925908521304
11784,165.51367694805194
11785,228.6156626262626
11786,48.83281917782336
11787,61.93579755799757
11788,69.41378518167124
11789,207.83165873015872
11790,196.39262608695654
11791,180.9752857808858
11792,131.3148726190476
11793,193.021350877193
11794,172.95810283687942
11795,61.337408730158735
11796,149.12348484848488
11797,215.9223393939394
11798,25.876641919635215
11799,209.06854166666668
11800,158.65527569413345
11801,70.26707748582169
11802,103.54744852598091
11803,208.84621212121215
11804,32.661002352941175
11805,64.13271794280988
11806,21.28648057808858
11807,24.020249102224543
11808,24.10286543068509
11809,167.15424242424243
11810,63.478231334048346
11811,199.47937500000003
11812,117.62514090177133
11813,131.37664471557855
11814,204.42897435897436
11815,202.04397435897437
11816,194.91900255754476
11817,120.89108993443203
11818,148.5050582727273
11819,182.66704545454544
11820,90.77758333333335
11821,24.593740861531938
11822,133.38516806722689
11823,152.58839124267655
11824,227.59540598290596
11825,76.43801765018608
11826,24.145257135065865
11827,32.76533524436422
11828,26.58656839997979
11829,58.28591714975846
11830,228.56743589743593
11831,204.8332142857143
11832,54.53518494246639
11833,48.82492990223141
11834,147.78771473354234
11835,65.1584436478156
11836,73.94140542067593
11837,67.60285076628352
11838,38.78584485179955
11839,52.88821678187404
11840,41.20375714421811
11841,63.6646355687915
11842,196.08059109461968
11843,204.3248076923077
11844,97.46561421052631
11845,167.48488491048593
11846,73.62397949880257
11847,44.554214287744095
11848,68.04090096208265
11849,41.04579926372959
11850,165.94576785714287
11851,198.16522397891964
11852,209.4646451133408
11853,195.2592895962733
11854,56.28988656634755
11855,157.99297760210806
11856,49.232233458739735
11857,42.63831977054781
11858,81.84173742100486
11859,209.42608302183754
11860,208.79147435897434
11861,204.97795454545454
11862,210.40743589743593
11863,213.60662148337596
11864,62.951291558137996
11865,42.65593993460309
11866,204.34621212121215
11867,62.584047459452826
11868,180.0122123015873
11869,188.99699275362318
11870,214.64012026862028
11871,164.4365515771526
11872,65.2825654426874
11873,204.94462121212123
11874,56.65706149732621
11875,65.1850777078416
11876,174.75851574212894
11877,71.63880727272726
11878,28.47907944055612
11879,183.15425595238096
11880,196.5839443277311
11881,72.06948147058823
11882,203.5160576923077
11883,66.42002724619553
11884,60.15251142697882
11885,170.41083333333336
11886,61.42441541353385
11887,182.10122727272727
11888,71.88829523809525
11889,56.26229217884829
11890,196.36968452380955
11891,197.0963511904762
11892,202.4954891304348
11893,51.60963538461539
11894,186.1608846153846
11895,42.46332292108847
11896,54.51213242546927
11897,202.39107181902278
11898,213.79494444444444
11899,78.64309073188022
11900,204.70604166666666
11901,78.30992077922079
11902,70.75837951964064
11903,97.95843663104226
11904,205.11488095238096
11905,198.09022397891962
11906,52.84987079445146
11907,66.0103575362319
11908,23.299374872206368
11909,228.97611717171716
11910,49.91258870537689
11911,204.78104166666668
11912,73.63214497330628
11913,55.40761344727715
11914,75.79476804356082
11915,46.42451291669337
11916,54.65860415945874
11917,38.89458586286689
11918,58.746819047619056
11919,197.0693253968254
11920,64.51832799164892
11921,93.42216397748594
11922,77.24443260930104
11923,36.19650912494251
11924,193.35776785714287
11925,148.20600913043478
11926,195.77083333333334
11927,151.66064426877472
11928,208.87954545454545
11929,144.78536957767295
11930,55.71258214208958
11931,45.01531624108735
11932,165.3235632183908
11933,204.97795454545454
11934,55.83408632469642
11935,84.00193118433555
11936,198.45630769230772
11937,151.59801754385964
11938,111.5753920995671
11939,226.48721230158725
11940,61.20872386759582
11941,200.5309204169845
11942,57.76737656529517
11943,141.84488491048592
11944,62.4236178214221
11945,39.30231624221845
11946,84.10795787545788
11947,91.16891346153845
11948,228.48611717171715
11949,181.02276785714287
11950,61.692534859182686
11951,62.74422169059012
11952,185.64691666666667
11953,215.01940598290602
11954,200.81267647058823
11955,206.99548913043478
11956,205.11545454545453
11957,51.13883590976311
11958,76.31452282542018
11959,197.0963511904762
11960,204.87765873015874
11961,213.6007391304348
11962,60.997087490984185
11963,118.74135942028985
11964,68.44761181328606
11965,187.3607090909091
11966,41.581683310780896
11967,163.98683093544136
11968,60.04396627906975
11969,54.25569194031273
11970,206.05838235294118
11971,61.41948501291989
11972,100.69583831171454
11973,135.8710985950324
11974,213.79494444444444
11975,213.79494444444444
11976,162.06175000000002
11977,59.74799822771898
11978,188.14256785714286
11979,41.91221416732125
11980,68.61573261562998
11981,42.23824868871297
11982,194.75262608695652
11983,56.179980757640976
11984,60.55373672473868
11985,195.4734575123153
11986,151.68983572567782
11987,70.71654344737956
11988,210.33680093240096
11989,71.04580848789462
11990,167.7644927536232
11991,201.91954545454547
11992,62.604243604821036
11993,139.4380888676541
11994,47.965617510493914
11995,167.7644927536232
11996,26.75146476406089
11997,166.44682608695652
11998,29.28805539729285
11999,24.03563377918904
12000,67.70613899366334
12001,58.70690382487078
12002,62.315413120567385
12003,58.358125461778926
12004,78.20919906258615
12005,23.86774454479876
12006,192.6441713659148
12007,147.63976785714286
12008,71.09080848789462
12009,205.52340579710145
12010,41.16723523049898
12011,78.81685185185185
12012,59.13512546750818
12013,93.73996392496393
12014,80.05527146464647
12015,205.11944444444444
12016,57.92462850172662
12017,38.894870933037375
12018,119.82403079710143
12019,157.88341905901117
12020,23.830793908203184
12021,203.5160576923077
12022,25.584322618754086
12023,42.00705830617063
12024,98.4834041518753
12025,204.96328067765566
12026,30.247791910086068
12027,213.8241835748792
12028,215.00420066889637
12029,72.92849842706313
12030,55.229896224523785
12031,195.32286153846155
12032,186.84461779448623
12033,58.764238794251035
12034,162.14537386569873
12035,183.2768471112221
12036,207.3957142857143
12037,53.45047228665645
12038,42.97491459515662
12039,172.0511754385965
12040,98.14241818115332
12041,169.5761011904762
12042,159.7244927536232
12043,42.1135211765792
12044,193.80537386569873
12045,51.108828944543845
12046,57.53912676150404
12047,57.145797315257845
12048,204.54461779448621
12049,51.049099963369976
12050,144.4682224025974
12051,56.88135254225939
12052,168.4734575123153
12053,65.65116058282686
12054,42.18863014478764
12055,213.79494444444444
12056,38.05959122113862
12057,200.6558033015578
12058,204.3248076923077
12059,58.41622580214344
12060,190.73649334733895
12061,174.57032608695653
12062,161.14256785714286
12063,42.151847179511435
12064,207.1912123015873
12065,48.2798102125198
12066,203.66240579710148
12067,197.89949275362318
12068,62.900494646464665
12069,164.94013656633223
12070,197.01631093544137
12071,214.98271212121213
12072,214.46942780748662
12073,227.21612026862022
12074,29.655925436531128
12075,50.30372767765569
12076,205.1042391304348
12077,166.6127391304348
12078,204.05437500000002
12079,157.16299782608695
12080,33.20525943251981
12081,203.5160576923077
12082,31.617014926526956
12083,212.44343452380954
12084,67.11472806903872
12085,79.21388717948719
12086,202.6525
12087,194.76366541353383
12088,195.4555533596838
12089,36.487786014508146
12090,204.29147435897434
12091,95.89181152993346
12092,65.31789530640083
12093,134.14537386569873
12094,69.49037891737893
12095,162.14537386569873
12096,23.791451670125248
12097,79.18732683982685
12098,165.38148989966558
12099,75.05054824561404
12100,82.82615384615386
12101,157.96064426877473
12102,157.9344442687747
12103,204.16704545454544
12104,63.9693795498564
12105,66.55219086021506
12106,60.23659700424179
12107,160.60083333333336
12108,38.43513036485692
12109,203.5160576923077
12110,113.31934801722048
12111,228.57121818181813
12112,199.71155157715262
12113,197.33586809024308
12114,216.1102975912976
12115,80.99994949494949
12116,160.71650000000002
12117,166.04943452380954
12118,33.609159464151105
12119,200.69436539306105
12120,84.2422154745839
12121,182.1674175801797
12122,72.37693215496827
12123,73.09559417116724
12124,60.72187444444445
12125,78.05674864433811
12126,204.92390350877196
12127,145.7248021181717
12128,154.28939393939396
12129,113.70885327635328
12130,52.929717590476194
12131,205.14868357487921
12132,61.23149962049335
12133,162.62135087719298
12134,63.22368941127523
12135,99.48495511921458
12136,201.05673913043478
12137,42.601851404605625
12138,80.8816731052064
12139,157.12801754385964
12140,75.4740165933529
12141,67.50790714285714
12142,164.97346989966553
12143,203.70302118171685
12144,166.83345751231528
12145,83.98047092381304
12146,56.27504071441844
12147,69.9923076923077
12148,78.69995944055944
12149,88.4233109735122
12150,26.98984824927951
12151,228.57121818181813
12152,60.919449938949924
12153,62.01940323267519
12154,50.23370742939232
12155,196.39262608695654
12156,203.5160576923077
12157,40.66423924048921
12158,207.50868181818183
12159,127.05441222307107
12160,70.74531220358588
12161,149.2588333923445
12162,30.554015182641855
12163,197.41541836734694
12164,68.83386289252543
12165,206.493
12166,145.76588603425563
12167,139.479172783738
12168,58.66119883040936
12169,47.59273981272352
12170,51.06220256410257
12171,82.42740849673203
12172,66.36335587867417
12173,186.82437001594897
12174,51.236924770308136
12175,49.998113772893774
12176,63.923982672882666
12177,227.09333939393932
12178,76.5749778220365
12179,122.05016583054628
12180,181.02276785714287
12181,201.05673913043478
12182,23.6441228451694
12183,41.271966432372515
12184,193.1554579093432
12185,196.3447427536232
12186,204.56854166666668
12187,213.99631331168834
12188,31.282628128502658
12189,98.63794277590382
12190,41.95844369682986
12191,61.56405092897376
12192,206.01860962566843
12193,188.58000606060608
12194,117.63224916387958
12195,197.41083333333336
12196,63.2632430673458
12197,163.38626862637364
12198,196.20012417898195
12199,168.77083333333334
12200,166.83345751231528
12201,22.597960545038923
12202,62.31006660561661
12203,208.20302118171685
12204,23.44361913986683
12205,198.66221230158732
12206,37.66803550082102
12207,58.30701888779921
12208,72.24733834586468
12209,198.69372352285396
12210,61.577622769690194
12211,99.00591187739464
12212,39.96430110106827
12213,45.635562255088175
12214,204.601875
12215,53.020038189031666
12216,110.58278846153848
12217,169.4447427536232
12218,142.36865942028984
12219,77.76981150793651
12220,57.7044562754401
12221,76.75044561403509
12222,203.6957391304348
12223,50.82346167181657
12224,26.337276473037708
12225,193.65115942028984
12226,23.211541480025016
12227,72.20188122710624
12228,198.09022397891962
12229,215.01940598290602
12230,212.13763095238096
12231,203.48618357487922
12232,204.3248076923077
12233,182.1953489010989
12234,26.502763587599656
12235,60.993163832199556
12236,205.88824275362316
12237,73.6327588394062
12238,30.253895874826213
12239,203.79988095238096
12240,116.37503903990748
12241,208.7630892857143
12242,210.01066666666665
12243,83.5305
12244,153.43780564263324
12245,166.021350877193
12246,23.504788826936664
12247,204.2372123015873
12248,190.35225996810206
12249,50.16709764102565
12250,165.88782575757577
12251,166.80851574212892
12252,204.50397435897438
12253,205.02300699300704
12254,45.36086475250723
12255,98.15959569660014
12256,40.21423664102112
12257,199.4041713659148
12258,44.085858743521925
12259,164.40190656633223
12260,153.29750239234448
12261,72.88881388543824
12262,83.25369734432235
12263,227.21612026862022
12264,167.6644927536232
12265,197.83843356643357
12266,166.83345751231528
12267,151.63858010960672
12268,166.35837984848484
12269,59.17842987666613
12270,75.32898268398269
12271,203.56118357487924
12272,21.648989400312114
12273,83.59300576923076
12274,39.26824528639571
12275,23.00391364688317
12276,56.840964847770486
12277,151.63858010960672
12278,203.3486835748792
12279,47.69813079514825
12280,78.13599896399897
12281,168.4734575123153
12282,202.4954891304348
12283,172.45226950354612
12284,203.24651785714286
12285,174.57140942028985
12286,65.0789621437664
12287,51.53603376235149
12288,216.0247692307693
12289,209.47648989898988
12290,199.97443452380952
12291,57.55027980485187
12292,200.2675
12293,212.5517678571429
12294,56.06299738712376
12295,62.716294304295936
12296,225.0527678571428
12297,197.07140942028985
12298,156.00205882352944
12299,66.79558418803418
12300,74.92500436162872
12301,22.743468216568374
12302,194.72968452380954
12303,193.9957090909091
12304,204.0997123015873
12305,164.9915987460815
12306,161.28635507246378
12307,204.29147435897434
12308,149.74088855116514
12309,43.34839319714653
12310,204.87765873015874
12311,157.9808260869565
12312,166.77737225260677
12313,24.67469134115377
12314,97.9820981811533
12315,81.24598050682263
12316,206.26667272727272
12317,77.01999896399897
12318,97.92328928299008
12319,84.94490686944634
12320,56.11840550239233
12321,131.40477986846912
12322,55.42883016304347
12323,98.40144754385965
12324,225.90166666666664
12325,59.50120192673993
12326,204.34621212121215
12327,72.63456507936507
12328,37.598946975069836
12329,62.280406275303655
12330,166.39759553475938
12331,70.48071936026938
12332,204.74015873015873
12333,79.20030207148304
12334,161.08179369829253
12335,186.09590579710147
12336,158.64760603896104
12337,205.28340579710147
12338,50.25703318696809
12339,195.6772123015873
12340,23.55148716853131
12341,96.83501740636859
12342,36.490234659829056
12343,33.69747223311547
12344,165.9122599681021
12345,203.32496212121214
12346,194.77568421052632
12347,202.75673913043482
12348,122.18095451505019
12349,198.16641445511013
12350,196.1751824087956
12351,39.1842267897912
12352,79.18126042884991
12353,190.42858603896107
12354,213.9747320698625
12355,205.25645161290322
12356,214.64012026862028
12357,215.0897290294247
12358,49.08640048798886
12359,59.206409370199694
12360,80.85527243589743
12361,200.45314263920673
12362,24.427788682416402
12363,77.18098684210527
12364,60.829823919624026
12365,208.21094444444444
12366,29.697175883018218
12367,88.28581097351221
12368,195.4734575123153
12369,23.464035344335826
12370,52.36501864120512
12371,58.74388301453448
12372,60.06980799457996
12373,166.3436842105263
12374,151.68983572567782
12375,101.66154403567445
12376,225.0527678571428
12377,201.05673913043478
12378,67.64234639149468
12379,32.79267851817375
12380,212.77521230158732
12381,64.93465024396855
12382,169.5761011904762
12383,157.60589655172413
12384,204.14539411976912
12385,165.39684842105265
12386,100.18436675398905
12387,42.492612433862426
12388,125.63873949579833
12389,155.94366666666667
12390,205.94651785714285
12391,182.68212121212122
12392,43.619993604002204
12393,72.0844875645856
12394,45.11067012204424
12395,71.86578400682012
12396,158.4036842105263
12397,56.5265783993784
12398,34.903654619036104
12399,41.161607086834735
12400,155.30041785714283
12401,204.52521212121215
12402,60.39722188940093
12403,180.0821213924964
12404,37.80897409353602
12405,108.41435273692476
12406,60.727494819913794
12407,50.62790325098857
12408,65.16425422964133
12409,169.4447427536232
12410,146.70397484544444
12411,56.77503266908212
12412,65.32654444444444
12413,168.33434782608697
12414,212.13763095238096
12415,203.40840579710147
12416,206.9372123015873
12417,160.76916666666668
12418,204.74015873015873
12419,79.117125999001
12420,170.18419642857143
12421,210.5837391304348
12422,171.7873484848485
12423,72.26550728560532
12424,48.477787764806635
12425,29.769668447644307
12426,199.8442391304348
12427,59.39940800490488
12428,136.22590909090908
12429,201.63276785714288
12430,24.79255259625321
12431,182.25673913043482
12432,173.96266666666668
12433,159.6176842105263
12434,203.70302118171685
12435,206.9372123015873
12436,72.81118491718428
12437,212.77521230158732
12438,225.0527678571428
12439,66.92449725885905
12440,167.90052298850577
12441,163.89116529304027
12442,166.74376785714287
12443,178.1761011904762
12444,118.1005871212121
12445,167.00757575757578
12446,213.1172142857143
12447,47.79083744283962
12448,194.0273156682028
12449,202.25526785714285
12450,68.00887238762024
12451,76.99198590415433
12452,188.17335289115647
12453,55.782883402902016
12454,24.219963250267455
12455,81.1994481965403
12456,208.2657391304348
12457,73.854417700579
12458,113.52405323842825
12459,181.80423913043478
12460,63.72986622981108
12461,72.15148717121087
12462,98.61789985645933
12463,207.65265873015875
12464,54.69205222529556
12465,58.577573956815115
12466,197.20276785714287
12467,73.25757696969698
12468,204.55854545454548
12469,204.6123393939394
12470,141.6439443277311
12471,210.72558712121213
12472,41.80690912698414
12473,75.3994659090909
12474,193.80851574212892
12475,207.90840579710147
12476,68.23263735965932
12477,118.25903079710147
12478,77.01999896399897
12479,57.678522988505755
12480,66.0776770757539
12481,66.28693309900768
12482,205.33194444444445
12483,31.12738845374336
12484,72.93253830064293
12485,99.17005912716384
12486,195.23434782608697
12487,80.9199672257567
12488,185.21269754385963
12489,77.8027738927739
12490,198.09022397891962
12491,47.98754734890109
12492,194.22560283687943
12493,205.11944444444444
12494,43.137984408590185
12495,21.95499699676236
12496,29.38454911764706
12497,190.11012148337596
12498,181.82241666666667
12499,21.927879785700107
12500,196.1720405323654
12501,61.79020243902439
12502,54.16335947712419
12503,28.511898385810515
12504,183.77121212121216
12505,104.42425112781957
12506,46.28269922306228
12507,194.1255933014354
12508,203.66240579710148
12509,71.62113995381432
12510,39.08022971991814
12511,57.63669478114478
12512,62.130451559934315
12513,63.02881359405187
12514,78.62958195138195
12515,64.66095945172974
12516,60.90794565038137
12517,168.4734575123153
12518,38.077077322595485
12519,91.47021505376344
12520,40.864479297929385
12521,195.38801754385966
12522,151.69297760210804
12523,229.295
12524,194.08284919786098
12525,203.29096230158729
12526,62.39533333333334
12527,74.60135760073261
12528,212.47676785714287
12529,42.69445694637494
12530,75.26192005012531
12531,98.1416917862839
12532,227.04821212121206
12533,24.40811378921077
12534,41.403926346093996
12535,30.641719531169876
12536,54.680071447333866
12537,35.54666439561263
12538,197.40366529304032
12539,195.2084097007224
12540,145.27470309230412
12541,151.68234117032395
12542,149.61439393939395
12543,101.19713450292397
12544,79.75280360471069
12545,59.64311564894733
12546,63.22588021680218
12547,72.05627961415396
12548,60.411951130351135
12549,116.177021978022
12550,80.47412261072262
12551,203.32496212121214
12552,61.134595732344295
12553,115.8024296703297
12554,49.142688406862746
12555,61.14619536831732
12556,168.87083333333334
12557,73.6327588394062
12558,85.34463450292398
12559,200.6165876152833
12560,58.88955239876664
12561,44.07438967276888
12562,22.61425172868561
12563,93.09079718439455
12564,38.40722061501117
12565,98.27590315741519
12566,193.80851574212892
12567,62.43362652464494
12568,196.1751824087956
12569,159.74943452380953
12570,48.35656561787056
12571,165.29804622377623
12572,196.48350151515154
12573,22.04946943830227
12574,51.09153963835335
12575,76.77951238095238
12576,39.95638929270852
12577,205.51094444444442
12578,204.23562500000003
12579,194.6378047779022
12580,204.95265873015873
12581,204.1337121212121
12582,23.986130575750106
12583,61.11759761904763
12584,78.75594212454212
12585,210.73166666666665
12586,203.35829545454547
12587,129.40024415584418
12588,109.29299450549452
12589,156.57090484848487
12590,156.1053738656987
12591,155.02940438871474
12592,142.90971473354233
12593,76.56649786812224
12594,195.82412587412588
12595,41.70752774683885
12596,229.29499999999993
12597,98.31214215686275
12598,27.77573986700211
12599,111.48285942028986
12600,149.61439393939395
12601,51.424435005149896
12602,52.18022590965156
12603,203.48340579710148
12604,225.0527678571428
12605,171.13460283687942
12606,174.642350877193
12607,76.71969576719579
12608,21.879293001180212
12609,206.41066666666666
12610,193.47636363636366
12611,73.22248590905899
12612,213.80849275362317
12613,57.78380502136751
12614,54.62791346809049
12615,29.974744907385883
12616,166.8312787460815
12617,50.8006090351269
12618,29.226933675787485
12619,78.86481850649352
12620,49.781227454066276
12621,160.1984575123153
12622,144.09018412129743
12623,73.37972552910055
12624,183.72047397891964
12625,22.098947659497526
12626,149.7848849104859
12627,75.63601210617341
12628,62.116695895835065
12629,61.48730061813997
12630,58.99256625074925
12631,54.7796421624714
12632,43.893036004313316
12633,58.670031258929214
12634,213.41565873015875
12635,194.48488491048593
12636,38.566543215333944
12637,62.17972043010754
12638,72.49785158385093
12639,118.07150469924811
12640,190.7349342657343
12641,207.9155
12642,159.6297695035461
12643,80.23639644868622
12644,204.34621212121215
12645,76.62550532212884
12646,159.74943452380953
12647,182.90840579710147
12648,56.47013023746594
12649,174.00417275362318
12650,197.07140942028985
12651,54.83022807017544
12652,40.8108961910045
12653,150.69033392394712
12654,209.4671669379214
12655,76.34500874125874
12656,168.4734575123153
12657,204.37923913043477
12658,206.99548913043478
12659,58.146125171998634
12660,184.82469230769232
12661,200.64992094861663
12662,206.01916666666665
12663,196.36968452380955
12664,167.1219090909091
12665,77.28992845117847
12666,117.9353891941392
12667,228.49680093240096
12668,124.7477129120879
12669,72.3507902097902
12670,75.95377896144103
12671,205.10454545454544
12672,52.8372911033411
12673,63.0141215913716
12674,225.69321428571425
12675,37.023164476817044
12676,60.438708422466426
12677,225.30676785714286
12678,49.19448812706621
12679,157.1493181818182
12680,167.661350877193
12681,201.41318452380955
12682,225.6932142857143
12683,51.26866141332353
12684,79.85397232397233
12685,202.51069444444445
12686,22.900443882720452
12687,183.9327678571429
12688,84.07925417175419
12689,167.80376785714287
12690,227.5069444444444
12691,198.63163656633225
12692,194.91586068111457
12693,204.29147435897434
12694,204.70604166666666
12695,78.29371411483254
12696,37.13029083049135
12697,147.69782608695652
12698,73.22379801242238
12699,204.5111171717172
12700,195.4734575123153
12701,55.19998447712419
12702,61.64326401420218
12703,60.76594913419915
12704,52.14246263221885
12705,204.30454545454546
12706,71.6900605365223
12707,205.33194444444445
12708,38.592298096270234
12709,59.679848569849995
12710,77.61089620743034
12711,57.13913444177439
12712,187.5777391304348
12713,40.71270741186213
12714,49.48839621585013
12715,56.848574681910385
12716,57.64990033670034
12717,57.0006403273538
12718,36.18144849068189
12719,193.36962582538519
12720,36.45024124541961
12721,34.06384648157869
12722,209.1432678571429
12723,176.45526785714284
12724,202.37949999999998
12725,193.0515987460815
12726,205.91318452380952
12727,28.708103737525715
12728,140.31568965517243
12729,99.25550210322713
12730,164.11541836734693
12731,208.0167391304348
12732,27.2865100841771
12733,57.52720386904762
12734,205.2875
12735,225.35121230158725
12736,166.80851574212892
12737,166.021350877193
12738,57.396975889578734
12739,74.05099100529102
12740,197.07140942028985
12741,159.9725632183908
12742,47.01991308513525
12743,209.46128458498023
12744,149.14939393939397
12745,52.79529759658119
12746,201.4909623015873
12747,80.20787460137801
12748,198.09022397891962
12749,57.98314449860497
12750,80.83457491582492
12751,61.61295442908347
12752,209.1123393939394
12753,24.136137387635753
12754,80.00039807213722
12755,64.57461990379174
12756,162.10963333333336
12757,65.78729947988661
12758,166.71882608695654
12759,166.69262608695652
12760,102.65730396469898
12761,55.25365229828962
12762,213.23665873015875
12763,72.3482495892996
12764,195.44851574212893
12765,51.58383516483517
12766,207.77090579710148
12767,227.2572041847041
12768,167.48488491048593
12769,34.71575062240559
12770,113.54329727579821
12771,64.06411791296424
12772,204.95314263920673
12773,196.0950027056277
12774,44.964589237736895
12775,170.9994927536232
12776,67.50153042079872
12777,48.013896596273284
12778,172.68176785714286
12779,208.31295429208475
12780,54.73232730015083
12781,188.46641836734696
12782,56.210612771739136
12783,204.4345298701299
12784,64.6008561405104
12785,80.10990666492533
12786,70.46429670592565
12787,198.1375
12788,213.49650000000003
12789,94.60027478124593
12790,82.50927213309566
12791,59.20876974611514
12792,53.54391372566765
12793,216.35567272727275
12794,205.1791666666667
12795,204.27121212121216
12796,203.27090579710145
12797,181.40226606502816
12798,61.25171375408219
12799,155.7371657421289
12800,44.438527562520434
12801,227.40866666666665
12802,206.82
12803,84.66656867588934
12804,146.53679487179485
12805,40.91114595238095
12806,80.49000666000667
12807,174.86240579710147
12808,38.700303137368294
12809,62.90394718352341
12810,191.8644927536232
12811,166.4156842105263
12812,194.42133836734695
12813,115.05343314536344
12814,57.553876299962
12815,164.28082608695652
12816,193.72636363636366
12817,161.67699862637363
12818,22.9587849433619
12819,112.02381754385965
12820,207.71667272727274
12821,223.86484326044328
12822,204.34621212121215
12823,81.83392587719298
12824,64.88235632183907
12825,70.66462307692308
12826,24.12205398566925
12827,213.79494444444444
12828,63.32866146650049
12829,76.5208082706767
12830,58.83515835253024
12831,43.951289390111235
12832,174.38617694805194
12833,44.57581289164941
12834,51.136360005149896
12835,179.4161607142857
12836,40.332751458261036
12837,165.84488491048592
12838,51.248416153846165
12839,197.25673913043482
12840,157.2322459893048
12841,183.81357575757573
12842,167.9361011904762
12843,193.47035714285715
12844,62.64485764235765
12845,209.0563186813187
12846,46.12114270912186
12847,203.48618357487922
12848,23.58059084445184
12849,197.18173913043478
12850,117.50321898496243
12851,193.95912587412587
12852,44.853691703587224
12853,76.24334197626419
12854,200.6558033015578
12855,200.45464102564105
12856,135.27243452380952
12857,105.9351343576332
12858,99.27325331621736
12859,150.71527569413348
12860,202.22193452380952
12861,21.620044651468845
12862,174.56826754385966
12863,76.17870830889541
12864,51.02277492380952
12865,33.23724552551151
12866,54.16326271202253
12867,72.17854753370884
12868,64.22237076958989
12869,39.515395831284
12870,68.04483479262673
12871,147.0839512789688
12872,118.49129807692307
12873,84.3512951754386
12874,209.18297435897435
12875,33.51822930949332
12876,56.41042710997442
12877,204.16704545454544
12878,209.26075213675213
12879,79.4960661268556
12880,60.13091144781146
12881,31.70899906655844
12882,203.35829545454547
12883,51.24666127787717
12884,70.61836445221445
12885,157.9808260869565
12886,62.101500172376646
12887,206.15833939393943
12888,75.14374125874126
12889,206.8594345238095
12890,207.1912123015873
12891,69.41485256410257
12892,39.550362822248005
12893,45.972074869553275
12894,156.13011786600498
12895,140.3192895962733
12896,180.97750469924813
12897,204.27121212121216
12898,76.88761194945405
12899,38.05583392123346
12900,28.478816095149103
12901,210.4040576923077
12902,54.10907552329098
12903,43.88046576618876
12904,55.33007038482823
12905,150.69033392394712
12906,40.72969017719695
12907,72.67742658385093
12908,67.72718726891304
12909,213.74640579710143
12910,197.7150324675325
12911,205.24173913043478
12912,148.16345751231526
12913,194.68943452380955
12914,57.19045904444981
12915,212.3392678571429
12916,63.176036442577036
12917,62.76137942640882
12918,227.62464511334073
12919,200.99416666666667
12920,183.4805876152833
12921,190.3500272727273
12922,72.775585224797
12923,116.00842387069454
12924,63.99450356037151
12925,73.99089012707722
12926,65.95131849928694
12927,80.99994949494949
12928,77.16536309178744
12929,73.13662004662004
12930,60.13580681159421
12931,73.4112962962963
12932,60.01954189095928
12933,227.546867335563
12934,195.22647597254007
12935,22.07522865066254
12936,201.44651785714285
12937,188.79557647058826
12938,42.28462033730158
12939,197.30372352285394
12940,168.44851574212893
12941,200.6558033015578
12942,166.04943452380954
12943,20.724344935419275
12944,61.979642103360064
12945,112.6318260025063
12946,74.12275810049834
12947,62.086146303976136
12948,74.95454929937236
12949,213.8241835748792
12950,186.41659874608152
12951,195.2084097007224
12952,187.27980930587339
12953,46.68537959218905
12954,66.45072172949003
12955,36.86018360465116
12956,96.92282424278437
12957,62.206418714797756
12958,211.44654545454546
12959,213.1172142857143
12960,211.84928458498024
12961,203.44173913043477
12962,61.87414298370303
12963,198.90704545454545
12964,145.79944400720336
12965,57.853876565295174
12966,72.94734721877157
12967,201.05673913043478
12968,63.51433826198356
12969,194.070350877193
12970,61.83288409961688
12971,166.6192895962733
12972,98.07575485764325
12973,31.86049114799986
12974,54.87080716374269
12975,165.67345751231528
12976,61.51086144003055
12977,54.832133964618436
12978,182.66704545454544
12979,172.89115942028985
12980,22.316483932237436
12981,84.14570424426832
12982,203.07765873015873
12983,42.183358271354074
12984,99.5925291005291
12985,208.72083939393943
12986,38.35429211943404
12987,197.20276785714287
12988,79.81535387614335
12989,86.77713450292399
12990,213.75050000000002
12991,144.54014829142488
12992,108.09832568922309
12993,52.75110211538462
12994,51.077674192642135
12995,184.20604166666666
12996,48.02173740887943
12997,163.11574862637363
12998,189.570350877193
12999,196.68875170068029
