ID,price
0,328532.81387959863
1,278065.7798145117
2,278065.7798145117
3,283500.7328790279
4,280209.6391707775
5,273897.93818994897
6,272478.6769254877
7,278423.4040860735
8,280115.7545456945
9,278065.7798145117
10,269796.2098345357
11,280209.6391707775
12,269109.8346023375
13,278065.7798145117
14,276227.0780826179
15,273897.93818994897
16,275343.7564102564
17,283500.7328790279
18,283500.7328790279
19,274031.9280826179
20,274854.66227065213
21,280213.78164068947
22,273889.8730549657
23,271220.36787843826
24,269784.4690277387
25,279413.2710393905
26,278065.7798145117
27,273889.8730549657
28,283500.7328790279
29,278065.7798145117
30,273889.8730549657
31,273889.8730549657
32,273889.8730549657
33,271813.80419616506
34,275228.0073906486
35,270297.09992317384
36,273897.93818994897
37,275328.2085492938
38,273889.8730549657
39,269545.7095545825
40,273889.8730549657
41,273897.93818994897
42,280209.6391707775
43,276723.1236939166
44,273382.0223779832
45,275844.12436125963
46,273889.8730549657
47,273889.8730549657
48,273897.93818994897
49,273889.8730549657
50,283500.7328790279
51,271813.80419616506
52,273897.93818994897
53,281427.0391025641
54,275736.63992184284
55,273889.8730549657
56,275814.6791375291
57,278065.7798145117
58,284381.4463774597
59,271220.36787843826
60,275784.52676767675
61,285796.0108073561
62,276396.5364253393
63,281424.037024327
64,277720.21275751275
65,273889.8730549657
66,273897.93818994897
67,271813.80419616506
68,273897.93818994897
69,280551.53164068947
70,280115.7545456945
71,273897.93818994897
72,273889.8730549657
73,277720.21275751275
74,274733.2533187852
75,273642.26247804274
76,280209.6391707775
77,275736.63992184284
78,283500.7328790279
79,281961.84423758864
80,273897.93818994897
81,325196.9100334448
82,276723.1236939166
83,278065.7798145117
84,286940.15055094584
85,282908.6412123612
86,283424.557024327
87,274635.8739091318
88,283500.7328790279
89,279479.85674147
90,269794.96617006155
91,273889.8730549657
92,292832.3897363084
93,273889.8730549657
94,280209.6391707775
95,274429.58665329765
96,284882.5234095132
97,277534.42571093363
98,271951.74549832696
99,275736.63992184284
100,279974.7095447298
101,283500.7328790279
102,280209.6391707775
103,273382.0223779832
104,275370.5780826179
105,279669.02555094584
106,328534.2683964469
107,273889.8730549657
108,279669.02555094584
109,273897.93818994897
110,278065.7798145117
111,326990.0219806764
112,282534.8786909937
113,278065.7798145117
114,273897.93818994897
115,273382.0223779832
116,273897.93818994897
117,276723.1236939166
118,271813.80419616506
119,275844.12436125963
120,280745.5432547933
121,271790.61787843826
122,275736.63992184284
123,278065.7798145117
124,278065.7798145117
125,271790.61787843826
126,275736.63992184284
127,330094.4533326073
128,271029.2238970588
129,275736.63992184284
130,273889.8730549657
131,274854.66227065213
132,276227.0780826179
133,278065.7798145117
134,272356.8564882496
135,276530.9342708397
136,278065.7798145117
137,277720.21275751275
138,273969.7269298964
139,275228.0073906486
140,275844.12436125963
141,273897.93818994897
142,274730.48502024286
143,271207.4014641792
144,273897.93818994897
145,275814.6791375291
146,278108.0719674737
147,275228.0073906486
148,273897.93818994897
149,278065.7798145117
150,280209.6391707775
151,283500.7328790279
152,271813.80419616506
153,273897.93818994897
154,278266.28093933087
155,273897.93818994897
156,273889.8730549657
157,273889.8730549657
158,279899.6828508409
159,273897.93818994897
160,271813.80419616506
161,274885.2991452991
162,327665.107996447
163,271813.80419616506
164,273897.93818994897
165,316656.5869731801
166,273889.8730549657
167,273897.93818994897
168,271813.80419616506
169,280285.8150254784
170,273889.8730549657
171,273897.93818994897
172,274854.66227065213
173,273897.93818994897
174,279669.02555094584
175,273889.8730549657
176,273061.81320440624
177,273889.8730549657
178,273897.93818994897
179,280205.6377060571
180,271220.36787843826
181,275814.6791375291
182,278065.7798145117
183,273382.0223779832
184,279693.7233588117
185,280209.6391707775
186,278065.7798145117
187,330219.2977699662
188,277629.2770030402
189,324100.1972704714
190,274217.3375068194
191,273897.93818994897
192,279669.02555094584
193,273897.93818994897
194,273889.8730549657
195,273897.93818994897
196,275736.63992184284
197,273897.93818994897
198,273889.8730549657
199,316398.9166028097
200,314062.94055847893
201,278065.7798145117
202,275736.63992184284
203,278065.7798145117
204,279669.02555094584
205,274758.5806598609
206,279479.85674147
207,276227.0780826179
208,273889.8730549657
209,273382.0223779832
210,278065.7798145117
211,273382.0223779832
212,282534.8786909937
213,279669.02555094584
214,271220.36787843826
215,275844.12436125963
216,279119.41618417425
217,273897.93818994897
218,283500.7328790279
219,278065.7798145117
220,273897.93818994897
221,273889.8730549657
222,275814.6791375291
223,273897.93818994897
224,284882.5234095132
225,273889.8730549657
226,270472.82177350984
227,280209.6391707775
228,273897.93818994897
229,280209.6391707775
230,273897.93818994897
231,271813.80419616506
232,280540.57729528536
233,272267.5188554093
234,273897.93818994897
235,290275.53679754783
236,273889.8730549657
237,278065.7798145117
238,274854.66227065213
239,278065.7798145117
240,273020.9638511815
241,275600.1462644361
242,279669.02555094584
243,280115.7545456945
244,284882.5234095132
245,275736.63992184284
246,280209.6391707775
247,274217.3375068194
248,273382.0223779832
249,280285.8150254784
250,315017.69998390635
251,277954.7638082957
252,272274.9629970155
253,278065.7798145117
254,274885.2991452991
255,279669.02555094584
256,273897.93818994897
257,280209.6391707775
258,272265.704196165
259,275736.63992184284
260,280285.8150254784
261,273382.0223779832
262,275844.12436125963
263,278065.7798145117
264,278051.4015951245
265,273889.8730549657
266,273889.8730549657
267,274856.4769298964
268,273889.8730549657
269,279669.02555094584
270,272964.40687459445
271,283500.7328790279
272,283424.557024327
273,276819.2349284579
274,274217.3375068194
275,273889.8730549657
276,280209.6391707775
277,279421.41497402283
278,276060.8143099548
279,277156.9849284579
280,276396.5364253393
281,273897.93818994897
282,273897.93818994897
283,273389.3056587548
284,273897.93818994897
285,273897.93818994897
286,273897.93818994897
287,284882.5234095132
288,280660.8080295783
289,276101.02676767675
290,276445.4411280964
291,280209.6391707775
292,280115.7545456945
293,273891.68771421013
294,273897.93818994897
295,278266.28093933087
296,278065.7798145117
297,279669.02555094584
298,277740.1300219024
299,271813.80419616506
300,274778.43771421013
301,273897.93818994897
302,273897.93818994897
303,273891.68771421013
304,315017.69998390635
305,280205.6377060571
306,275736.63992184284
307,283424.557024327
308,277784.0911280964
309,273897.93818994897
310,273889.8730549657
311,280209.6391707775
312,276532.1414044289
313,280209.6391707775
314,273061.81320440624
315,273897.93818994897
316,273889.8730549657
317,283500.7328790279
318,273897.93818994897
319,271566.19361924194
320,275566.66191553546
321,271813.80419616506
322,275844.12436125963
323,280209.6391707775
324,275490.5643099548
325,273889.8730549657
326,273891.68771421013
327,274778.43771421013
328,280285.8150254784
329,281205.52971079305
330,273897.93818994897
331,273382.0223779832
332,278065.7798145117
333,278065.7798145117
334,276626.7276154853
335,280209.6391707775
336,283500.7328790279
337,273897.93818994897
338,280660.5106354381
339,284381.4463774597
340,273382.0223779832
341,273382.0223779832
342,276060.8143099548
343,273889.8730549657
344,273969.7269298964
345,273897.93818994897
346,278179.9300219024
347,275844.12436125963
348,327436.1011166253
349,273642.26247804274
350,278065.7798145117
351,279977.42035766033
352,270472.82177350984
353,273061.81320440624
354,279669.02555094584
355,273382.0223779832
356,288682.94537220837
357,271813.80419616506
358,274778.43771421013
359,279693.7233588117
360,284882.5234095132
361,273891.68771421013
362,273897.93818994897
363,273897.93818994897
364,270472.82177350984
365,271220.36787843826
366,273389.3056587548
367,274217.3375068194
368,273897.93818994897
369,273897.93818994897
370,277954.7638082957
371,277784.0911280964
372,283500.7328790279
373,275736.63992184284
374,280551.53164068947
375,275736.63992184284
376,280209.6391707775
377,277703.46742845787
378,278065.7798145117
379,285226.8311644589
380,279669.02555094584
381,278558.42402402405
382,275736.63992184284
383,280209.6391707775
384,283500.7328790279
385,284882.5234095132
386,277952.6546071575
387,271813.80419616506
388,278065.7798145117
389,278065.7798145117
390,271556.20064655173
391,273897.93818994897
392,280119.8737692755
393,280209.6391707775
394,273897.93818994897
395,273897.93818994897
396,270673.88537843834
397,277703.46742845787
398,271813.80419616506
399,278065.7798145117
400,277720.21275751275
401,273897.93818994897
402,281426.8712123612
403,280540.57729528536
404,273897.93818994897
405,273897.93818994897
406,274489.1499086502
407,274232.91366133874
408,273897.93818994897
409,278065.7798145117
410,280213.78164068947
411,278044.85669214505
412,275228.0073906486
413,275844.12436125963
414,273897.93818994897
415,276060.8143099548
416,277778.4830710956
417,275844.12436125963
418,271790.61787843826
419,273382.0223779832
420,273889.8730549657
421,280209.6391707775
422,273897.93818994897
423,280209.6391707775
424,273889.8730549657
425,279693.7233588117
426,274217.3375068194
427,273382.0223779832
428,274607.051693729
429,274869.3866532977
430,273897.93818994897
431,273897.93818994897
432,283500.7328790279
433,274217.3375068194
434,275844.12436125963
435,273382.0223779832
436,275228.0073906486
437,273897.93818994897
438,273897.93818994897
439,273891.68771421013
440,284381.4463774597
441,279479.85674147
442,280209.6391707775
443,273889.8730549657
444,280209.6391707775
445,276396.5364253393
446,274217.3375068194
447,271885.25706762745
448,278179.9300219024
449,274232.91366133874
450,273889.8730549657
451,283500.7328790279
452,278558.42402402405
453,273897.93818994897
454,276227.0780826179
455,279669.02555094584
456,280285.8150254784
457,280209.6391707775
458,275228.0073906486
459,273897.93818994897
460,282813.076461952
461,273889.8730549657
462,268240.08753049065
463,274778.43771421013
464,275228.0073906486
465,273897.93818994897
466,283500.7328790279
467,275682.82705505274
468,274854.66227065213
469,275844.12436125963
470,283500.7328790279
471,271790.61787843826
472,275736.63992184284
473,279669.02555094584
474,280209.6391707775
475,279669.02555094584
476,281635.901923842
477,273889.8730549657
478,270472.82177350984
479,279669.02555094584
480,271220.36787843826
481,273897.93818994897
482,271431.8556587548
483,275228.0073906486
484,278065.7798145117
485,276770.39494949486
486,276101.02676767675
487,273382.0223779832
488,281635.901923842
489,275844.12436125963
490,279669.02555094584
491,275736.63992184284
492,279669.02555094584
493,273897.93818994897
494,273382.0223779832
495,278065.7798145117
496,288376.45229528536
497,280209.6391707775
498,283500.7328790279
499,280209.6391707775
500,273382.0223779832
501,275736.63992184284
502,275343.7564102564
503,271207.4014641792
504,280285.8150254784
505,279278.46805555554
506,273889.8730549657
507,274217.3375068194
508,278065.7798145117
509,274281.3533187852
510,278065.7798145117
511,273061.81320440624
512,275736.63992184284
513,274854.66227065213
514,280209.6391707775
515,275711.16227065213
516,276101.02676767675
517,279693.7233588117
518,273891.68771421013
519,280285.8150254784
520,273889.8730549657
521,283500.7328790279
522,273897.93818994897
523,280213.78164068947
524,324736.6091317339
525,315024.4362106529
526,283500.7328790279
527,273061.81320440624
528,275328.2085492938
529,273889.8730549657
530,280209.6391707775
531,323767.98121695983
532,273897.93818994897
533,274217.3375068194
534,273642.26247804274
535,316546.2084565931
536,280745.5432547933
537,290902.09276733256
538,278065.7798145117
539,275228.0073906486
540,275249.1452991453
541,273897.93818994897
542,273889.8730549657
543,274856.4769298964
544,275844.12436125963
545,278264.96884725627
546,280209.6391707775
547,273897.93818994897
548,273642.26247804274
549,271790.61787843826
550,280282.9808374442
551,272441.94301122864
552,273889.8730549657
553,273889.8730549657
554,271220.36787843826
555,277534.42571093363
556,273897.93818994897
557,273969.7269298964
558,274217.3375068194
559,274649.7669637552
560,273897.93818994897
561,280745.5432547933
562,278065.7798145117
563,281238.3328508409
564,276770.39494949486
565,273382.0223779832
566,284882.5234095132
567,273897.93818994897
568,275736.63992184284
569,285160.9350545419
570,278065.7798145117
571,275228.0073906486
572,273897.93818994897
573,275844.12436125963
574,285463.5599740228
575,283500.7328790279
576,273897.93818994897
577,272387.96145370585
578,273897.93818994897
579,274730.48502024286
580,273897.93818994897
581,297849.70296767354
582,273061.81320440624
583,274217.3375068194
584,279421.41497402283
585,290902.09276733256
586,273897.93818994897
587,279669.02555094584
588,283500.7328790279
589,280745.5432547933
590,275228.0073906486
591,275844.12436125963
592,275844.12436125963
593,283500.7328790279
594,280209.6391707775
595,273897.93818994897
596,276770.39494949486
597,275736.63992184284
598,278065.7798145117
599,273897.93818994897
600,273889.8730549657
601,278044.85669214505
602,277784.0911280964
603,273889.8730549657
604,278065.7798145117
605,315979.1956360803
606,273897.93818994897
607,278065.7798145117
608,329094.036812932
609,325758.13296677807
610,281238.3328508409
611,279669.02555094584
612,273897.93818994897
613,280745.5432547933
614,280213.78164068947
615,280209.6391707775
616,275736.63992184284
617,273889.8730549657
618,273382.0223779832
619,280209.6391707775
620,328532.81387959863
621,280613.43804412644
622,275490.5643099548
623,279669.02555094584
624,280745.5432547933
625,276283.3236939166
626,274217.3375068194
627,273897.93818994897
628,275343.7564102564
629,279479.85674147
630,273889.8730549657
631,278065.7798145117
632,275228.0073906486
633,277720.21275751275
634,277113.1982037205
635,273889.8730549657
636,279669.02555094584
637,279403.6808867691
638,280209.6391707775
639,280209.6391707775
640,273382.0223779832
641,275814.6791375291
642,271244.13537843834
643,273889.8730549657
644,278065.7798145117
645,283230.12649885955
646,271220.7811489508
647,273382.0223779832
648,276009.90147900936
649,273382.0223779832
650,273889.8730549657
651,274120.19827816146
652,273889.8730549657
653,278266.28093933087
654,279479.85674147
655,278065.7798145117
656,273061.81320440624
657,273897.93818994897
658,324329.20415029314
659,274854.66227065213
660,274217.3375068194
661,279669.02555094584
662,275228.0073906486
663,273889.8730549657
664,283500.7328790279
665,283500.7328790279
666,275981.52873169817
667,273889.8730549657
668,279344.9952361452
669,271813.80419616506
670,273897.93818994897
671,277720.21275751275
672,278065.7798145117
673,275736.63992184284
674,280209.6391707775
675,283500.7328790279
676,270985.7443456054
677,277784.0911280964
678,270985.7443456054
679,275844.12436125963
680,285463.5599740228
681,278065.7798145117
682,273897.93818994897
683,280209.6391707775
684,274885.2991452991
685,275844.12436125963
686,274854.66227065213
687,276088.89291865396
688,327103.88506311364
689,274489.1499086502
690,288376.45229528536
691,273382.0223779832
692,277534.66589192906
693,273897.93818994897
694,279278.46805555554
695,271220.7811489508
696,273891.68771421013
697,273897.93818994897
698,280209.6391707775
699,273897.93818994897
700,273889.8730549657
701,273975.9774056353
702,275844.12436125963
703,275844.12436125963
704,275736.63992184284
705,274217.3375068194
706,273889.8730549657
707,280660.8080295783
708,274854.66227065213
709,278264.96884725627
710,275844.12436125963
711,279693.7233588117
712,273897.93818994897
713,277740.1300219024
714,271885.25706762745
715,276101.02676767675
716,279669.02555094584
717,283500.7328790279
718,283500.7328790279
719,273642.26247804274
720,274369.3833333333
721,273897.93818994897
722,273897.93818994897
723,273897.93818994897
724,279582.7073525957
725,273889.8730549657
726,275844.12436125963
727,273889.8730549657
728,273897.93818994897
729,276770.39494949486
730,273382.0223779832
731,277784.0911280964
732,274856.4769298964
733,273382.0223779832
734,270736.31910943805
735,278065.7798145117
736,328761.82075942034
737,277952.6546071575
738,275228.0073906486
739,276770.39494949486
740,273897.93818994897
741,279669.02555094584
742,277703.46742845787
743,285538.52580961416
744,280209.6391707775
745,275228.0073906486
746,274031.9280826179
747,273889.8730549657
748,275736.63992184284
749,273897.93818994897
750,278065.7798145117
751,271813.80419616506
752,277720.21275751275
753,283500.7328790279
754,273897.93818994897
755,278887.76507480326
756,273897.93818994897
757,273382.0223779832
758,279977.42035766033
759,273889.8730549657
760,277365.71742845787
761,274854.66227065213
762,273889.8730549657
763,272267.5188554093
764,316083.93991435657
765,324329.20415029314
766,273897.93818994897
767,275370.5780826179
768,280209.6391707775
769,279669.02555094584
770,280285.8150254784
771,275600.1462644361
772,294616.4742567024
773,273891.68771421013
774,273889.8730549657
775,274635.8739091318
776,274489.1499086502
777,288376.45229528536
778,274854.66227065213
779,273061.81320440624
780,273889.8730549657
781,277156.9849284579
782,276723.1236939166
783,285226.8311644589
784,273889.8730549657
785,280209.6391707775
786,275711.16227065213
787,277703.46742845787
788,271220.36787843826
789,276043.7298844197
790,275736.63992184284
791,283230.12649885955
792,274217.3375068194
793,273969.7269298964
794,276843.8827614379
795,278065.7798145117
796,278065.7798145117
797,272873.3898467889
798,275844.12436125963
799,278266.28093933087
800,275844.12436125963
801,280285.8150254784
802,329094.036812932
803,273891.68771421013
804,279693.7233588117
805,278065.7798145117
806,271220.7811489508
807,280115.7545456945
808,277987.74059882545
809,280209.6391707775
810,273897.93818994897
811,274031.9280826179
812,280745.5432547933
813,275736.63992184284
814,273382.0223779832
815,274885.2991452991
816,273897.93818994897
817,273889.8730549657
818,271813.80419616506
819,280209.6391707775
820,276396.5364253393
821,273642.26247804274
822,278179.9300219024
823,281961.84423758864
824,280209.6391707775
825,271815.6188554093
826,280115.7545456945
827,280097.89973776217
828,273897.93818994897
829,280115.7545456945
830,280209.6391707775
831,279479.85674147
832,280205.6377060571
833,273897.93818994897
834,279669.02555094584
835,283500.7328790279
836,273642.26247804274
837,283500.7328790279
838,280551.53164068947
839,278065.7798145117
840,280551.53164068947
841,279977.42035766033
842,271813.80419616506
843,272018.093619242
844,282908.6412123612
845,274854.66227065213
846,280209.6391707775
847,278065.7798145117
848,284882.5234095132
849,275228.0073906486
850,322915.5559987795
851,270472.82177350984
852,273897.93818994897
853,273061.81320440624
854,275736.63992184284
855,273889.8730549657
856,273897.93818994897
857,273897.93818994897
858,277954.7638082957
859,274869.3866532977
860,279669.02555094584
861,280213.78164068947
862,275370.5780826179
863,273889.8730549657
864,280209.6391707775
865,275736.63992184284
866,280660.8080295783
867,280745.5432547933
868,273897.93818994897
869,280209.6391707775
870,279669.02555094584
871,271790.61787843826
872,275844.12436125963
873,271813.80419616506
874,273642.26247804274
875,279479.85674147
876,284381.4463774597
877,273897.93818994897
878,278065.7798145117
879,273889.8730549657
880,279669.02555094584
881,278065.7798145117
882,273897.93818994897
883,274854.66227065213
884,283500.7328790279
885,327371.78767382866
886,278065.7798145117
887,280285.8150254784
888,270985.7443456054
889,280745.5432547933
890,280209.6391707775
891,273889.8730549657
892,273897.93818994897
893,286280.0549250032
894,271813.80419616506
895,283500.7328790279
896,275736.63992184284
897,280115.7545456945
898,273897.93818994897
899,279669.02555094584
900,280745.5432547933
901,295943.7970062932
902,279421.41497402283
903,278065.7798145117
904,275844.12436125963
905,274854.66227065213
906,273897.93818994897
907,274854.66227065213
908,271220.36787843826
909,278065.7798145117
910,284882.5234095132
911,273897.93818994897
912,275228.0073906486
913,280213.78164068947
914,277720.21275751275
915,275615.5975202429
916,273889.8730549657
917,278065.7798145117
918,275228.0073906486
919,276819.2349284579
920,279669.02555094584
921,278065.7798145117
922,278065.7798145117
923,278065.7798145117
924,273889.8730549657
925,273889.8730549657
926,273382.0223779832
927,279669.02555094584
928,329445.8646631137
929,271813.80419616506
930,279693.7233588117
931,282016.1286909937
932,276060.8143099548
933,274217.3375068194
934,278065.7798145117
935,280209.6391707775
936,273897.93818994897
937,274854.66227065213
938,273897.93818994897
939,281942.787024327
940,278065.7798145117
941,280115.7545456945
942,277720.21275751275
943,280745.5432547933
944,273889.8730549657
945,275228.0073906486
946,280119.8737692755
947,275490.5643099548
948,274854.66227065213
949,280115.7545456945
950,277720.21275751275
951,274885.2991452991
952,280552.32881725626
953,279669.02555094584
954,271813.80419616506
955,281238.3328508409
956,278065.7798145117
957,327665.107996447
958,280209.6391707775
959,278065.7798145117
960,280115.7545456945
961,273897.93818994897
962,274607.051693729
963,278065.7798145117
964,278065.7798145117
965,278065.7798145117
966,273897.93818994897
967,273891.68771421013
968,275844.12436125963
969,278558.42402402405
970,273889.8730549657
971,278065.7798145117
972,276227.0780826179
973,275844.12436125963
974,279403.6808867691
975,273897.93818994897
976,275736.63992184284
977,280119.8737692755
978,273897.93818994897
979,275490.5643099548
980,279479.85674147
981,316901.9331270262
982,271813.80419616506
983,274854.66227065213
984,277534.42571093363
985,282290.151923842
986,280209.6391707775
987,279669.02555094584
988,274778.43771421013
989,278065.7798145117
990,280209.6391707775
991,276060.8143099548
992,280209.6391707775
993,275844.12436125963
994,274854.66227065213
995,274854.66227065213
996,280115.7545456945
997,275736.63992184284
998,273516.0122706521
999,274854.66227065213
1000,278065.7798145117
1001,271813.80419616506
1002,275228.0073906486
1003,283500.7328790279
1004,278065.7798145117
1005,286940.15055094584
1006,273897.93818994897
1007,276396.5364253393
1008,278065.7798145117
1009,277720.21275751275
1010,273382.0223779832
1011,280660.5106354381
1012,271813.80419616506
1013,273897.93818994897
1014,273889.8730549657
1015,273891.68771421013
1016,283500.7328790279
1017,274854.66227065213
1018,274778.43771421013
1019,316334.92030651344
1020,276227.0780826179
1021,274217.3375068194
1022,273382.0223779832
1023,273897.93818994897
1024,273642.26247804274
1025,277952.6546071575
1026,274854.66227065213
1027,279899.6828508409
1028,275736.63992184284
1029,275844.12436125963
1030,276770.39494949486
1031,273889.8730549657
1032,273897.93818994897
1033,279344.9952361452
1034,273889.8730549657
1035,278065.7798145117
1036,278065.7798145117
1037,280115.7545456945
1038,275490.5643099548
1039,273897.93818994897
1040,278065.7798145117
1041,283424.557024327
1042,271813.80419616506
1043,280613.43804412644
1044,275328.2085492938
1045,273889.8730549657
1046,278065.7798145117
1047,283500.7328790279
1048,278065.7798145117
1049,273897.93818994897
1050,276396.5364253393
1051,279693.7233588117
1052,278065.7798145117
1053,283500.7328790279
1054,286940.15055094584
1055,271813.80419616506
1056,273889.8730549657
1057,280213.78164068947
1058,271813.80419616506
1059,273897.93818994897
1060,273897.93818994897
1061,273061.81320440624
1062,280115.7545456945
1063,273889.8730549657
1064,279669.02555094584
1065,273897.93818994897
1066,285538.52580961416
1067,278065.7798145117
1068,273889.8730549657
1069,272267.5188554093
1070,273889.8730549657
1071,280209.6391707775
1072,273891.68771421013
1073,269493.26865806506
1074,273897.93818994897
1075,272356.8564882496
1076,279669.02555094584
1077,273897.93818994897
1078,275228.0073906486
1079,288376.45229528536
1080,283500.7328790279
1081,273897.93818994897
1082,319178.3332694764
1083,275844.12436125963
1084,285796.0108073561
1085,277467.5911280964
1086,273897.93818994897
1087,279669.02555094584
1088,280285.8150254784
1089,278887.76507480326
1090,274854.66227065213
1091,273382.0223779832
1092,275844.12436125963
1093,276770.39494949486
1094,271885.25706762745
1095,279669.02555094584
1096,274433.3991452992
1097,271815.6188554093
1098,274217.3375068194
1099,273897.93818994897
1100,271257.1784186145
1101,273897.93818994897
1102,279669.02555094584
1103,271813.80419616506
1104,274217.3375068194
1105,280745.5432547933
1106,275228.0073906486
1107,280209.6391707775
1108,280209.6391707775
1109,271220.36787843826
1110,278264.96884725627
1111,316901.9331270262
1112,273889.8730549657
1113,273889.8730549657
1114,277954.7638082957
1115,280209.6391707775
1116,271885.25706762745
1117,271220.36787843826
1118,273889.8730549657
1119,273897.93818994897
1120,275736.63992184284
1121,273897.93818994897
1122,278193.83590425533
1123,273897.93818994897
1124,273889.8730549657
1125,275328.2085492938
1126,271431.8556587548
1127,274854.66227065213
1128,275328.2085492938
1129,280209.6391707775
1130,277720.21275751275
1131,283500.7328790279
1132,274778.43771421013
1133,273889.8730549657
1134,278065.7798145117
1135,273746.4092238171
1136,275228.0073906486
1137,275228.0073906486
1138,274854.66227065213
1139,284882.5234095132
1140,275736.63992184284
1141,273889.8730549657
1142,280209.6391707775
1143,280209.6391707775
1144,279669.02555094584
1145,314313.9209506358
1146,271885.25706762745
1147,279669.02555094584
1148,273642.26247804274
1149,275736.63992184284
1150,273889.8730549657
1151,274885.2991452991
1152,286940.15055094584
1153,274043.97372171946
1154,275814.6791375291
1155,273897.93818994897
1156,271431.8556587548
1157,273891.68771421013
1158,275228.0073906486
1159,283774.7561118762
1160,270472.82177350984
1161,277156.9849284579
1162,273382.0223779832
1163,275844.12436125963
1164,288376.45229528536
1165,283500.7328790279
1166,315024.4362106529
1167,273891.68771421013
1168,280209.6391707775
1169,274217.3375068194
1170,278065.7798145117
1171,273889.8730549657
1172,279669.02555094584
1173,273897.93818994897
1174,279669.02555094584
1175,276060.8143099548
1176,275844.12436125963
1177,275736.63992184284
1178,273889.8730549657
1179,271813.80419616506
1180,273897.93818994897
1181,273889.8730549657
1182,280115.7545456945
1183,273889.8730549657
1184,283500.7328790279
1185,273889.8730549657
1186,275228.0073906486
1187,273889.8730549657
1188,277720.21275751275
1189,276060.8143099548
1190,279669.02555094584
1191,271813.80419616506
1192,280209.6391707775
1193,280445.96618417423
1194,273897.93818994897
1195,278065.7798145117
1196,273889.8730549657
1197,280209.6391707775
1198,279669.02555094584
1199,277954.7638082957
1200,279421.41497402283
1201,273889.8730549657
1202,275228.0073906486
1203,273897.93818994897
1204,273891.68771421013
1205,280119.8737692755
1206,279669.02555094584
1207,283500.7328790279
1208,324191.83245093434
1209,273889.8730549657
1210,278065.7798145117
1211,275343.7564102564
1212,279669.02555094584
1213,273897.93818994897
1214,275844.12436125963
1215,280213.78164068947
1216,273382.0223779832
1217,278657.8658220211
1218,275343.7564102564
1219,278065.7798145117
1220,271220.36787843826
1221,273897.93818994897
1222,274281.3533187852
1223,280209.6391707775
1224,275736.63992184284
1225,274489.1499086502
1226,275844.12436125963
1227,281654.2293727238
1228,278065.7798145117
1229,275844.12436125963
1230,275711.16227065213
1231,273897.93818994897
1232,274607.051693729
1233,313608.8989557509
1234,283500.7328790279
1235,283500.7328790279
1236,277552.41596965125
1237,273642.26247804274
1238,273889.8730549657
1239,279669.02555094584
1240,273897.93818994897
1241,279669.02555094584
1242,283500.7328790279
1243,283500.7328790279
1244,280115.7545456945
1245,274217.3375068194
1246,273897.93818994897
1247,271813.80419616506
1248,274885.2991452991
1249,280209.6391707775
1250,273889.8730549657
1251,280540.57729528536
1252,284045.88565809897
1253,283382.45436590427
1254,276770.39494949486
1255,274607.051693729
1256,273897.93818994897
1257,277720.21275751275
1258,271139.4260607543
1259,329353.147212932
1260,325758.13296677807
1261,273889.8730549657
1262,273889.8730549657
1263,273382.0223779832
1264,271813.80419616506
1265,280213.78164068947
1266,274854.66227065213
1267,280285.8150254784
1268,275844.12436125963
1269,284882.5234095132
1270,280209.6391707775
1271,273897.93818994897
1272,279479.85674147
1273,275736.63992184284
1274,284882.5234095132
1275,314133.2824613022
1276,275736.63992184284
1277,274856.4769298964
1278,271220.7811489508
1279,280209.6391707775
1280,274217.3375068194
1281,273897.93818994897
1282,280209.6391707775
1283,280119.8737692755
1284,275228.0073906486
1285,280745.5432547933
1286,279669.02555094584
1287,279669.02555094584
1288,271813.80419616506
1289,273889.8730549657
1290,329353.147212932
1291,279669.02555094584
1292,273061.81320440624
1293,283500.7328790279
1294,278065.7798145117
1295,273891.68771421013
1296,275328.2085492938
1297,274854.66227065213
1298,273897.93818994897
1299,276770.39494949486
1300,273891.68771421013
1301,274433.3991452992
1302,278065.7798145117
1303,273897.93818994897
1304,275844.12436125963
1305,274489.1499086502
1306,275490.5643099548
1307,279421.41497402283
1308,275736.63992184284
1309,280209.6391707775
1310,280209.6391707775
1311,283500.7328790279
1312,280209.6391707775
1313,273389.3056587548
1314,279669.02555094584
1315,273889.8730549657
1316,273889.8730549657
1317,273969.7269298964
1318,271790.61787843826
1319,284882.5234095132
1320,273889.8730549657
1321,280209.6391707775
1322,275844.12436125963
1323,275600.1462644361
1324,275228.0073906486
1325,282290.151923842
1326,273897.93818994897
1327,278065.7798145117
1328,273642.26247804274
1329,274854.66227065213
1330,279669.02555094584
1331,275303.6731282499
1332,279669.02555094584
1333,278065.7798145117
1334,273897.93818994897
1335,283230.12649885955
1336,273897.93818994897
1337,273889.8730549657
1338,274854.66227065213
1339,273889.8730549657
1340,275343.7564102564
1341,290902.09276733256
1342,283500.7328790279
1343,275228.0073906486
1344,273897.93818994897
1345,274854.66227065213
1346,273889.8730549657
1347,271813.80419616506
1348,273889.8730549657
1349,271790.61787843826
1350,274232.91366133874
1351,280209.6391707775
1352,273897.93818994897
1353,277954.7638082957
1354,272478.6769254877
1355,270985.7443456054
1356,271885.25706762745
1357,278065.7798145117
1358,279669.02555094584
1359,273889.8730549657
1360,270472.82177350984
1361,273897.93818994897
1362,276770.39494949486
1363,271813.80419616506
1364,280745.5432547933
1365,323298.39346408943
1366,280209.6391707775
1367,285123.83593772014
1368,275228.0073906486
1369,276396.5364253393
1370,274730.48502024286
1371,285123.83593772014
1372,271790.61787843826
1373,275736.63992184284
1374,274854.66227065213
1375,275736.63992184284
1376,275844.12436125963
1377,283500.7328790279
1378,273889.8730549657
1379,273897.93818994897
1380,280209.6391707775
1381,278065.7798145117
1382,278065.7798145117
1383,273897.93818994897
1384,278065.7798145117
1385,278065.7798145117
1386,271813.80419616506
1387,273889.8730549657
1388,273897.93818994897
1389,273897.93818994897
1390,280209.6391707775
1391,280745.5432547933
1392,280209.6391707775
1393,278065.7798145117
1394,278065.7798145117
1395,274539.9769298964
1396,280551.53164068947
1397,279669.02555094584
1398,279669.02555094584
1399,280745.5432547933
1400,273897.93818994897
1401,273889.8730549657
1402,270472.82177350984
1403,279977.42035766033
1404,271790.61787843826
1405,275844.12436125963
1406,275821.9624183007
1407,273897.93818994897
1408,273889.8730549657
1409,273889.8730549657
1410,283500.7328790279
1411,271813.80419616506
1412,279669.02555094584
1413,274733.2533187852
1414,273389.3056587548
1415,273897.93818994897
1416,286940.15055094584
1417,273897.93818994897
1418,279669.02555094584
1419,275844.12436125963
1420,273815.29815794993
1421,278065.7798145117
1422,277720.21275751275
1423,278065.7798145117
1424,278065.7798145117
1425,273897.93818994897
1426,277703.46742845787
1427,276396.5364253393
1428,280745.5432547933
1429,277720.21275751275
1430,274290.551693729
1431,284882.5234095132
1432,275736.63992184284
1433,273897.93818994897
1434,274369.3833333333
1435,273889.8730549657
1436,279669.02555094584
1437,326890.9402201086
1438,273889.8730549657
1439,273897.93818994897
1440,281238.3328508409
1441,280209.6391707775
1442,279669.02555094584
1443,283500.7328790279
1444,272467.6997413878
1445,273889.8730549657
1446,325402.1604645677
1447,283500.7328790279
1448,273897.93818994897
1449,274885.2991452991
1450,273889.8730549657
1451,273897.93818994897
1452,273897.93818994897
1453,276049.27194321627
1454,275814.6791375291
1455,273889.8730549657
1456,277954.7638082957
1457,276283.3236939166
1458,281238.3328508409
1459,275844.12436125963
1460,314313.9209506358
1461,273897.93818994897
1462,280209.6391707775
1463,273897.93818994897
1464,279693.7233588117
1465,280115.7545456945
1466,275844.12436125963
1467,277954.7638082957
1468,275736.63992184284
1469,277720.21275751275
1470,273897.93818994897
1471,271244.13537843834
1472,280285.8150254784
1473,270985.95064655173
1474,277720.21275751275
1475,277629.2770030402
1476,271244.13537843834
1477,270534.0506465517
1478,272413.0810498494
1479,280209.6391707775
1480,271813.80419616506
1481,278338.37889784947
1482,275736.63992184284
1483,279669.02555094584
1484,275256.3735143288
1485,280285.8150254784
1486,274854.66227065213
1487,274433.3991452992
1488,281942.787024327
1489,273889.8730549657
1490,273897.93818994897
1491,273969.7269298964
1492,271244.13537843834
1493,283500.7328790279
1494,273889.8730549657
1495,278065.7798145117
1496,271220.36787843826
1497,275844.12436125963
1498,280209.6391707775
1499,273889.8730549657
1500,272565.976848197
1501,274730.48502024286
1502,273889.8730549657
1503,273897.93818994897
1504,279669.02555094584
1505,270985.7443456054
1506,279669.02555094584
1507,289834.52574539237
1508,274217.3375068194
1509,279669.02555094584
1510,280209.6391707775
1511,271885.25706762745
1512,279693.7233588117
1513,273897.93818994897
1514,273897.93818994897
1515,273382.0223779832
1516,285123.83593772014
1517,283500.7328790279
1518,280209.6391707775
1519,278065.7798145117
1520,273897.93818994897
1521,270985.7443456054
1522,279669.02555094584
1523,280209.6391707775
1524,271431.8556587548
1525,279868.4413629117
1526,273897.93818994897
1527,278065.7798145117
1528,280209.6391707775
1529,276530.9342708397
1530,273897.93818994897
1531,275844.12436125963
1532,271813.80419616506
1533,274217.3375068194
1534,273897.93818994897
1535,283500.7328790279
1536,283500.7328790279
1537,275736.63992184284
1538,315017.69998390635
1539,274856.4769298964
1540,274885.2991452991
1541,280445.96618417423
1542,274607.051693729
1543,281628.68119411037
1544,275844.12436125963
1545,279669.02555094584
1546,273889.8730549657
1547,276926.7521367521
1548,275736.63992184284
1549,273889.8730549657
1550,280209.6391707775
1551,276101.02676767675
1552,283230.12649885955
1553,274217.3375068194
1554,280115.7545456945
1555,273889.8730549657
1556,280115.7545456945
1557,273889.8730549657
1558,273889.8730549657
1559,274854.66227065213
1560,280209.6391707775
1561,273889.8730549657
1562,279669.02555094584
1563,330162.9148391831
1564,275228.0073906486
1565,279868.14396877144
1566,278065.7798145117
1567,271951.74549832696
1568,328200.597826087
1569,273891.68771421013
1570,273889.8730549657
1571,274217.3375068194
1572,273889.8730549657
1573,273897.93818994897
1574,273889.8730549657
1575,273897.93818994897
1576,271885.25706762745
1577,273889.8730549657
1578,276770.39494949486
1579,273897.93818994897
1580,278065.7798145117
1581,273382.0223779832
1582,273061.81320440624
1583,273889.8730549657
1584,276227.0780826179
1585,281086.287024327
1586,275844.12436125963
1587,275228.0073906486
1588,275228.0073906486
1589,273897.93818994897
1590,280660.5106354381
1591,278065.7798145117
1592,273897.93818994897
1593,281062.1377060571
1594,271813.80419616506
1595,273889.8730549657
1596,273897.93818994897
1597,274778.43771421013
1598,273897.93818994897
1599,297849.70296767354
1600,273897.93818994897
1601,273897.93818994897
1602,279669.02555094584
1603,271878.296117479
1604,273891.68771421013
1605,274281.3533187852
1606,280115.7545456945
1607,279669.02555094584
1608,278049.3749194068
1609,276396.5364253393
1610,280285.8150254784
1611,279669.02555094584
1612,273897.93818994897
1613,277720.21275751275
1614,273642.26247804274
1615,280745.5432547933
1616,273382.0223779832
1617,278065.7798145117
1618,271813.80419616506
1619,280285.8150254784
1620,282046.7728539576
1621,273889.8730549657
1622,283973.6460393905
1623,277720.21275751275
1624,283973.6460393905
1625,279669.02555094584
1626,316546.2084565931
1627,275711.16227065213
1628,273897.93818994897
1629,279669.02555094584
1630,280540.57729528536
1631,290902.09276733256
1632,279403.6808867691
1633,280209.6391707775
1634,274854.66227065213
1635,271813.80419616506
1636,273897.93818994897
1637,271813.80419616506
1638,283424.557024327
1639,273889.8730549657
1640,280209.6391707775
1641,271460.68061409023
1642,275844.12436125963
1643,273897.93818994897
1644,273897.93818994897
1645,283500.7328790279
1646,273889.8730549657
1647,273889.8730549657
1648,277649.0798145117
1649,279669.02555094584
1650,274569.6059211717
1651,275736.63992184284
1652,275844.12436125963
1653,273897.93818994897
1654,280209.6391707775
1655,279527.7821026089
1656,273897.93818994897
1657,277952.6546071575
1658,280745.5432547933
1659,278065.7798145117
1660,273897.93818994897
1661,274885.2991452991
1662,277365.71742845787
1663,271813.80419616506
1664,278065.7798145117
1665,280285.8150254784
1666,284939.5108073561
1667,274635.8739091318
1668,273897.93818994897
1669,273897.93818994897
1670,281652.49888653733
1671,275844.12436125963
1672,279669.02555094584
1673,283500.7328790279
1674,283230.12649885955
1675,278727.11282409885
1676,279669.02555094584
1677,274433.3991452992
1678,280209.6391707775
1679,279403.6808867691
1680,273889.8730549657
1681,278065.7798145117
1682,283500.7328790279
1683,274885.2991452991
1684,272202.5794715068
1685,275736.63992184284
1686,273897.93818994897
1687,280209.6391707775
1688,280613.43804412644
1689,283500.7328790279
1690,273897.93818994897
1691,277954.7638082957
1692,275736.63992184284
1693,273897.93818994897
1694,273889.8730549657
1695,322731.3806435765
1696,323624.81963042147
1697,274635.8739091318
1698,279421.41497402283
1699,279421.41497402283
1700,278065.7798145117
1701,280745.5432547933
1702,271220.36787843826
1703,283500.7328790279
1704,275844.12436125963
1705,273889.8730549657
1706,279693.7233588117
1707,276194.00037878787
1708,278065.7798145117
1709,279868.4413629117
1710,275736.63992184284
1711,277512.8546071575
1712,278874.9698285807
1713,274217.3375068194
1714,271220.36787843826
1715,273897.93818994897
1716,283500.7328790279
1717,280209.6391707775
1718,273897.93818994897
1719,281772.9898021048
1720,275736.63992184284
1721,278065.7798145117
1722,284882.5234095132
1723,277720.21275751275
1724,274854.66227065213
1725,277122.7800973536
1726,279693.7233588117
1727,275490.5643099548
1728,273897.93818994897
1729,273889.8730549657
1730,278318.6099621419
1731,274856.4769298964
1732,278065.7798145117
1733,271951.74549832696
1734,283117.1460393905
1735,271220.36787843826
1736,273897.93818994897
1737,278065.7798145117
1738,273382.0223779832
1739,273389.3056587548
1740,281678.3786909937
1741,273897.93818994897
1742,271195.6632510443
1743,283500.7328790279
1744,273897.93818994897
1745,283500.7328790279
1746,273889.8730549657
1747,274854.66227065213
1748,273642.26247804274
1749,273382.0223779832
1750,273897.93818994897
1751,280209.6391707775
1752,280209.6391707775
1753,280213.78164068947
1754,283500.7328790279
1755,275844.12436125963
1756,273382.0223779832
1757,273897.93818994897
1758,272383.9576009579
1759,280745.5432547933
1760,279693.7233588117
1761,288682.94537220837
1762,278065.7798145117
1763,283500.7328790279
1764,278065.7798145117
1765,280745.5432547933
1766,280285.8150254784
1767,275228.0073906486
1768,273889.8730549657
1769,278086.7210393905
1770,273889.8730549657
1771,273305.1894436446
1772,283500.7328790279
1773,283500.7328790279
1774,273897.93818994897
1775,277602.5711920884
1776,273897.93818994897
1777,276060.8143099548
1778,280745.5432547933
1779,273891.68771421013
1780,318006.0150476232
1781,273897.93818994897
1782,278065.7798145117
1783,274778.43771421013
1784,273889.8730549657
1785,283500.7328790279
1786,276101.02676767675
1787,279693.7233588117
1788,280745.5432547933
1789,283500.7328790279
1790,271813.80419616506
1791,280213.78164068947
1792,276227.0780826179
1793,273889.8730549657
1794,273389.3056587548
1795,315024.4362106529
1796,279669.02555094584
1797,280285.8150254784
1798,281635.901923842
1799,273897.93818994897
1800,273891.68771421013
1801,273897.93818994897
1802,277720.21275751275
1803,271220.36787843826
1804,277784.0911280964
1805,280209.6391707775
1806,267954.4869264621
1807,276043.7298844197
1808,272339.76938424486
1809,279669.02555094584
1810,273889.8730549657
1811,273897.93818994897
1812,273897.93818994897
1813,278065.7798145117
1814,275736.63992184284
1815,273897.93818994897
1816,272267.5188554093
1817,279479.85674147
1818,274217.3375068194
1819,273382.0223779832
1820,273889.8730549657
1821,269062.5583761244
1822,283500.7328790279
1823,271813.80419616506
1824,283500.7328790279
1825,273897.93818994897
1826,276302.4333639991
1827,290902.09276733256
1828,276838.44562647754
1829,274854.66227065213
1830,280209.6391707775
1831,280285.8150254784
1832,273897.93818994897
1833,275328.2085492938
1834,273889.8730549657
1835,273889.8730549657
1836,278065.7798145117
1837,277954.7638082957
1838,280445.96618417423
1839,276396.5364253393
1840,278065.7798145117
1841,314313.9209506358
1842,272267.5188554093
1843,277703.46742845787
1844,273889.8730549657
1845,273889.8730549657
1846,278065.7798145117
1847,280745.5432547933
1848,278065.7798145117
1849,279868.4413629117
1850,273889.8730549657
1851,273897.93818994897
1852,283500.7328790279
1853,272267.5188554093
1854,280119.8737692755
1855,273889.8730549657
1856,273897.93818994897
1857,275343.7564102564
1858,277720.21275751275
1859,273897.93818994897
1860,273897.93818994897
1861,277703.46742845787
1862,275228.0073906486
1863,275228.0073906486
1864,280205.6377060571
1865,323488.0534176638
1866,273897.93818994897
1867,273897.93818994897
1868,276227.0780826179
1869,273897.93818994897
1870,278065.7798145117
1871,280115.7545456945
1872,280660.5106354381
1873,271220.36787843826
1874,275844.12436125963
1875,280213.78164068947
1876,274778.43771421013
1877,273382.0223779832
1878,278552.6285694786
1879,276770.39494949486
1880,277720.21275751275
1881,273382.0223779832
1882,280209.6391707775
1883,280209.6391707775
1884,271885.25706762745
1885,273889.8730549657
1886,280540.57729528536
1887,273891.68771421013
1888,273382.0223779832
1889,278065.7798145117
1890,271813.80419616506
1891,274854.66227065213
1892,273897.93818994897
1893,280209.6391707775
1894,273382.0223779832
1895,273382.0223779832
1896,315979.1956360803
1897,276723.1236939166
1898,278065.7798145117
1899,283500.7328790279
1900,273897.93818994897
1901,275736.63992184284
1902,323767.98121695983
1903,279669.02555094584
1904,273389.3056587548
1905,273897.93818994897
1906,275343.7564102564
1907,286280.0549250032
1908,278558.42402402405
1909,285463.5599740228
1910,280209.6391707775
1911,273897.93818994897
1912,278065.7798145117
1913,274730.48502024286
1914,273897.93818994897
1915,274885.2991452991
1916,273061.81320440624
1917,277784.0911280964
1918,273897.93818994897
1919,283500.7328790279
1920,273897.93818994897
1921,315728.21524392336
1922,273897.93818994897
1923,282290.151923842
1924,329353.147212932
1925,273382.0223779832
1926,277720.21275751275
1927,274217.3375068194
1928,273897.93818994897
1929,278065.7798145117
1930,282908.6412123612
1931,273382.0223779832
1932,273061.81320440624
1933,273897.93818994897
1934,273889.8730549657
1935,276723.1236939166
1936,280285.8150254784
1937,323139.39111161826
1938,273897.93818994897
1939,283500.7328790279
1940,280205.6377060571
1941,283500.7328790279
1942,280745.5432547933
1943,279669.02555094584
1944,271908.4269254877
1945,274730.48502024286
1946,290902.09276733256
1947,288682.94537220837
1948,283500.7328790279
1949,275328.2085492938
1950,273889.8730549657
1951,280213.78164068947
1952,280119.8737692755
1953,278065.7798145117
1954,273891.68771421013
1955,280209.6391707775
1956,277365.71742845787
1957,280745.5432547933
1958,276723.1236939166
1959,274854.66227065213
1960,283500.7328790279
1961,276704.76683117147
1962,271813.80419616506
1963,273389.3056587548
1964,278065.7798145117
1965,274730.48502024286
1966,274217.3375068194
1967,273897.93818994897
1968,280745.5432547933
1969,283500.7328790279
1970,273897.93818994897
1971,278065.7798145117
1972,274652.44580455666
1973,278179.9300219024
1974,278065.7798145117
1975,278065.7798145117
1976,273889.8730549657
1977,275736.63992184284
1978,314313.9209506358
1979,272645.59348845604
1980,280745.5432547933
1981,279868.4413629117
1982,271813.80419616506
1983,277703.46742845787
1984,278708.21805555554
1985,276532.1414044289
1986,279669.02555094584
1987,324840.93753123435
1988,275228.0073906486
1989,273897.93818994897
1990,270472.82177350984
1991,273897.93818994897
1992,275814.6791375291
1993,283500.7328790279
1994,274291.34411764704
1995,323298.39346408943
1996,273020.9638511815
1997,273889.8730549657
1998,277784.0911280964
1999,274569.6059211717
2000,281062.1377060571
2001,280213.78164068947
2002,279669.02555094584
2003,278065.7798145117
2004,284381.4463774597
2005,274031.9280826179
2006,275228.0073906486
2007,273889.8730549657
2008,273897.93818994897
2009,275844.12436125963
2010,279693.7233588117
2011,280745.5432547933
2012,273897.93818994897
2013,276227.0780826179
2014,277703.46742845787
2015,278065.7798145117
2016,290902.09276733256
2017,280285.8150254784
2018,271790.61787843826
2019,279669.02555094584
2020,269493.26865806506
2021,277703.46742845787
2022,276445.4411280964
2023,274031.9280826179
2024,273889.8730549657
2025,324329.20415029314
2026,274885.2991452991
2027,278065.7798145117
2028,275228.0073906486
2029,280745.5432547933
2030,273382.0223779832
2031,277954.7638082957
2032,276770.39494949486
2033,279421.41497402283
2034,280205.6377060571
2035,275736.63992184284
2036,278266.28093933087
2037,322271.9831692368
2038,317087.9231723121
2039,274854.66227065213
2040,273889.8730549657
2041,279413.2710393905
2042,273889.8730549657
2043,275600.1462644361
2044,277720.21275751275
2045,280209.6391707775
2046,331286.34776996623
2047,277629.2770030402
2048,273389.3056587548
2049,279669.02555094584
2050,273889.8730549657
2051,280745.5432547933
2052,273889.8730549657
2053,283500.7328790279
2054,277534.66589192906
2055,278065.7798145117
2056,281238.3328508409
2057,273897.93818994897
2058,273897.93818994897
2059,274635.8739091318
2060,274854.66227065213
2061,273897.93818994897
2062,273889.8730549657
2063,273897.93818994897
2064,278065.7798145117
2065,274607.051693729
2066,280209.6391707775
2067,270985.7443456054
2068,273889.8730549657
2069,273897.93818994897
2070,273897.93818994897
2071,283500.7328790279
2072,273389.3056587548
2073,283500.7328790279
2074,274885.2991452991
2075,283500.7328790279
2076,275736.63992184284
2077,280205.6377060571
2078,273389.3056587548
2079,273889.8730549657
2080,280282.9808374442
2081,273897.93818994897
2082,281942.787024327
2083,273897.93818994897
2084,278065.7798145117
2085,278065.7798145117
2086,275844.12436125963
2087,278065.7798145117
2088,279669.02555094584
2089,279669.02555094584
2090,273897.93818994897
2091,273889.8730549657
2092,274854.66227065213
2093,279669.02555094584
2094,273897.93818994897
2095,279669.02555094584
2096,279977.42035766033
2097,280209.6391707775
2098,273897.93818994897
2099,273897.93818994897
2100,280745.5432547933
2101,273889.8730549657
2102,273889.8730549657
2103,273897.93818994897
2104,273889.8730549657
2105,274885.2991452991
2106,279669.02555094584
2107,273891.68771421013
2108,277832.1393739065
2109,277703.46742845787
2110,273897.93818994897
2111,280097.89973776217
2112,273969.7269298964
2113,280209.6391707775
2114,278065.7798145117
2115,278065.7798145117
2116,273889.8730549657
2117,279669.02555094584
2118,274730.48502024286
2119,278065.7798145117
2120,283500.7328790279
2121,283500.7328790279
2122,324094.407383292
2123,278065.7798145117
2124,271885.25706762745
2125,278065.7798145117
2126,275844.12436125963
2127,278065.7798145117
2128,273889.8730549657
2129,275736.63992184284
2130,273889.8730549657
2131,278065.7798145117
2132,275844.12436125963
2133,273889.8730549657
2134,277472.6021805897
2135,279669.02555094584
2136,273897.93818994897
2137,275249.1452991453
2138,279669.02555094584
2139,271813.80419616506
2140,272873.3898467889
2141,283500.7328790279
2142,273897.93818994897
2143,280209.6391707775
2144,273889.8730549657
2145,275736.63992184284
2146,278065.7798145117
2147,279693.7233588117
2148,283500.7328790279
2149,283500.7328790279
2150,274797.2452991453
2151,280097.89973776217
2152,284882.5234095132
2153,273889.8730549657
2154,273897.93818994897
2155,277720.21275751275
2156,273897.93818994897
2157,273897.93818994897
2158,280209.6391707775
2159,278065.7798145117
2160,273897.93818994897
2161,271885.25706762745
2162,275343.7564102564
2163,280115.7545456945
2164,274854.66227065213
2165,276723.1236939166
2166,283500.7328790279
2167,278065.7798145117
2168,271813.80419616506
2169,279421.41497402283
2170,273382.0223779832
2171,271220.36787843826
2172,272478.6769254877
2173,273897.93818994897
2174,273889.8730549657
2175,275600.1462644361
2176,273382.0223779832
2177,280285.8150254784
2178,288376.45229528536
2179,273897.93818994897
2180,273382.0223779832
2181,273897.93818994897
2182,269784.4690277387
2183,282290.151923842
2184,271813.80419616506
2185,277720.21275751275
2186,273897.93818994897
2187,273897.93818994897
2188,276101.02676767675
2189,271813.80419616506
2190,274885.2991452991
2191,279669.02555094584
2192,273897.93818994897
2193,273891.68771421013
2194,273897.93818994897
2195,271813.80419616506
2196,273897.93818994897
2197,273897.93818994897
2198,280551.53164068947
2199,271885.25706762745
2200,279669.02555094584
2201,267883.812684038
2202,284882.5234095132
2203,324329.20415029314
2204,275370.5780826179
2205,278065.7798145117
2206,280745.5432547933
2207,280205.6377060571
2208,279693.7233588117
2209,280209.6391707775
2210,280414.50954472984
2211,277720.21275751275
2212,273897.93818994897
2213,273897.93818994897
2214,271220.36787843826
2215,274856.4769298964
2216,277954.7638082957
2217,279669.02555094584
2218,270472.82177350984
2219,273897.93818994897
2220,280745.5432547933
2221,278065.7798145117
2222,277740.1300219024
2223,283230.12649885955
2224,271139.4260607543
2225,279669.02555094584
2226,284045.88565809897
2227,273382.0223779832
2228,273897.93818994897
2229,278065.7798145117
2230,275736.63992184284
2231,278065.7798145117
2232,273897.93818994897
2233,273382.0223779832
2234,281635.901923842
2235,273889.8730549657
2236,275228.0073906486
2237,290902.09276733256
2238,280540.57729528536
2239,283230.12649885955
2240,275844.12436125963
2241,275736.63992184284
2242,280209.6391707775
2243,278065.7798145117
2244,271813.80419616506
2245,273889.8730549657
2246,271951.74549832696
2247,283500.7328790279
2248,274856.4769298964
2249,283500.7328790279
2250,279669.02555094584
2251,279669.02555094584
2252,283424.557024327
2253,273897.93818994897
2254,277954.7638082957
2255,273889.8730549657
2256,280745.5432547933
2257,273389.3056587548
2258,297849.70296767354
2259,271220.36787843826
2260,277720.21275751275
2261,273897.93818994897
2262,278065.7798145117
2263,283500.7328790279
2264,273061.81320440624
2265,325986.2862348178
2266,279669.02555094584
2267,277720.21275751275
2268,271790.61787843826
2269,271885.25706762745
2270,280209.6391707775
2271,283500.7328790279
2272,273554.26298758865
2273,283500.7328790279
2274,271885.25706762745
2275,278558.42402402405
2276,274885.2991452991
2277,277720.21275751275
2278,278065.7798145117
2279,274281.3533187852
2280,280745.5432547933
2281,279669.02555094584
2282,273897.93818994897
2283,274778.43771421013
2284,275736.63992184284
2285,280115.7545456945
2286,273897.93818994897
2287,279669.02555094584
2288,273389.3056587548
2289,278065.7798145117
2290,280209.6391707775
2291,284882.5234095132
2292,275844.12436125963
2293,328130.960289855
2294,278065.7798145117
2295,273897.93818994897
2296,279479.85674147
2297,280115.7545456945
2298,271813.80419616506
2299,271220.36787843826
2300,273897.93818994897
2301,267883.812684038
2302,315017.69998390635
2303,280119.8737692755
2304,276227.0780826179
2305,273889.8730549657
2306,279669.02555094584
2307,271220.36787843826
2308,273061.81320440624
2309,290902.09276733256
2310,278065.7798145117
2311,273889.8730549657
2312,280209.6391707775
2313,272859.6592238171
2314,273889.8730549657
2315,283500.7328790279
2316,276723.1236939166
2317,278065.7798145117
2318,273889.8730549657
2319,285568.12424966594
2320,276322.5298145117
2321,278065.7798145117
2322,278065.7798145117
2323,273889.8730549657
2324,279479.85674147
2325,273889.8730549657
2326,271220.36787843826
2327,273897.93818994897
2328,273889.8730549657
2329,271220.36787843826
2330,273897.93818994897
2331,278065.7798145117
2332,278065.7798145117
2333,273889.8730549657
2334,273897.93818994897
2335,271220.36787843826
2336,273897.93818994897
2337,275736.63992184284
2338,273382.0223779832
2339,278065.7798145117
2340,275370.5780826179
2341,273889.8730549657
2342,276396.5364253393
2343,277534.66589192906
2344,273889.8730549657
2345,273897.93818994897
2346,314062.94055847893
2347,275844.12436125963
2348,283500.7328790279
2349,278065.7798145117
2350,280551.53164068947
2351,274885.2991452991
2352,283500.7328790279
2353,276283.3236939166
2354,283500.7328790279
2355,275844.12436125963
2356,278065.7798145117
2357,278065.7798145117
2358,277265.4842112299
2359,273897.93818994897
2360,283500.7328790279
2361,273897.93818994897
2362,279344.9952361452
2363,271220.36787843826
2364,274854.66227065213
2365,278065.7798145117
2366,276770.39494949486
2367,278065.7798145117
2368,278264.96884725627
2369,283456.65634725627
2370,276396.5364253393
2371,274854.66227065213
2372,273897.93818994897
2373,273889.8730549657
2374,273889.8730549657
2375,273897.93818994897
2376,283973.6460393905
2377,273897.93818994897
2378,273382.0223779832
2379,278318.6099621419
2380,278065.7798145117
2381,283500.7328790279
2382,274217.3375068194
2383,271813.80419616506
2384,276227.0780826179
2385,273642.26247804274
2386,277720.21275751275
2387,279669.02555094584
2388,278065.7798145117
2389,279693.7233588117
2390,275228.0073906486
2391,273897.93818994897
2392,277590.8938228438
2393,283973.6460393905
2394,280745.5432547933
2395,273897.93818994897
2396,274217.3375068194
2397,271885.25706762745
2398,275814.6791375291
2399,277512.8546071575
2400,273889.8730549657
2401,280209.6391707775
2402,279669.02555094584
2403,278065.7798145117
2404,273897.93818994897
2405,274854.66227065213
2406,274885.2991452991
2407,284882.5234095132
2408,273897.93818994897
2409,279669.02555094584
2410,278065.7798145117
2411,278065.7798145117
2412,278065.7798145117
2413,273061.81320440624
2414,275736.63992184284
2415,273897.93818994897
2416,278065.7798145117
2417,274217.3375068194
2418,278065.7798145117
2419,279479.85674147
2420,273382.0223779832
2421,278125.18308702786
2422,280209.6391707775
2423,324100.1972704714
2424,324758.5974396699
2425,277784.0911280964
2426,274232.91366133874
2427,279669.02555094584
2428,274217.3375068194
2429,275844.12436125963
2430,274649.7669637552
2431,279693.7233588117
2432,280115.7545456945
2433,273889.8730549657
2434,280209.6391707775
2435,276227.0780826179
2436,324661.4202038048
2437,276227.0780826179
2438,279479.85674147
2439,272441.94301122864
2440,279669.02555094584
2441,280209.6391707775
2442,279669.02555094584
2443,324531.1108688337
2444,271790.61787843826
2445,273061.81320440624
2446,275736.63992184284
2447,275844.12436125963
2448,276227.0780826179
2449,280285.8150254784
2450,284882.5234095132
2451,273897.93818994897
2452,280660.5106354381
2453,278065.7798145117
2454,272339.76938424486
2455,278065.7798145117
2456,275736.63992184284
2457,278065.7798145117
2458,323767.98121695983
2459,273382.0223779832
2460,273889.8730549657
2461,281654.2293727238
2462,279669.02555094584
2463,278065.7798145117
2464,278065.7798145117
2465,271885.25706762745
2466,274778.43771421013
2467,276283.3236939166
2468,280209.6391707775
2469,280285.8150254784
2470,314313.9209506358
2471,280209.6391707775
2472,277703.46742845787
2473,283230.12649885955
2474,271813.80419616506
2475,279479.85674147
2476,284381.4463774597
2477,277365.71742845787
2478,278065.7798145117
2479,273897.93818994897
2480,284882.5234095132
2481,284882.5234095132
2482,278065.7798145117
2483,277954.7638082957
2484,324329.20415029314
2485,274489.1499086502
2486,271813.80419616506
2487,286940.15055094584
2488,273889.8730549657
2489,276227.0780826179
2490,271790.61787843826
2491,284882.5234095132
2492,315711.4623027469
2493,278065.7798145117
2494,273897.93818994897
2495,281636.92744282744
2496,281424.037024327
2497,275711.16227065213
2498,279693.7233588117
2499,274031.9280826179
2500,280115.7545456945
2501,273642.26247804274
2502,273897.93818994897
2503,285113.0638888889
2504,273897.93818994897
2505,274854.66227065213
2506,273897.93818994897
2507,272267.5188554093
2508,280209.6391707775
2509,273897.93818994897
2510,281238.3328508409
2511,274885.2991452991
2512,316546.2084565931
2513,280115.7545456945
2514,283500.7328790279
2515,280209.6391707775
2516,273889.8730549657
2517,278044.85669214505
2518,280209.6391707775
2519,280209.6391707775
2520,281238.3328508409
2521,280115.7545456945
2522,272593.1686480186
2523,279403.6808867691
2524,280660.5106354381
2525,278065.7798145117
2526,284882.5234095132
2527,279693.7233588117
2528,273389.3056587548
2529,277534.66589192906
2530,273382.0223779832
2531,273061.81320440624
2532,279479.85674147
2533,274649.7669637552
2534,275736.63992184284
2535,281238.3328508409
2536,273897.93818994897
2537,273382.0223779832
2538,273897.93818994897
2539,274854.66227065213
2540,279669.02555094584
2541,277720.21275751275
2542,271813.80419616506
2543,283500.7328790279
2544,271813.80419616506
2545,273889.8730549657
2546,274031.9280826179
2547,280209.6391707775
2548,274217.3375068194
2549,273897.93818994897
2550,275821.9624183007
2551,280209.6391707775
2552,278065.7798145117
2553,283424.557024327
2554,275600.1462644361
2555,273889.8730549657
2556,273889.8730549657
2557,290902.09276733256
2558,283500.7328790279
2559,275844.12436125963
2560,273889.8730549657
2561,279479.85674147
2562,269784.4690277387
2563,273891.68771421013
2564,283500.7328790279
2565,273889.8730549657
2566,273061.81320440624
2567,315728.21524392336
2568,280551.53164068947
2569,271813.80419616506
2570,274885.2991452991
2571,280209.6391707775
2572,273897.93818994897
2573,268240.08753049065
2574,280745.5432547933
2575,279479.85674147
2576,273897.93818994897
2577,283500.7328790279
2578,276227.0780826179
2579,273720.301693729
2580,278065.7798145117
2581,271220.36787843826
2582,291160.9172092276
2583,273889.8730549657
2584,278065.7798145117
2585,280209.6391707775
2586,273897.93818994897
2587,278065.7798145117
2588,275736.63992184284
2589,273891.68771421013
2590,271813.80419616506
2591,276060.8143099548
2592,274217.3375068194
2593,280209.6391707775
2594,286940.15055094584
2595,278560.5458333333
2596,280209.6391707775
2597,271813.80419616506
2598,280226.7932547933
2599,273382.0223779832
2600,271813.80419616506
2601,279693.7233588117
2602,273642.26247804274
2603,273897.93818994897
2604,279479.85674147
2605,274854.66227065213
2606,280115.7545456945
2607,275228.0073906486
2608,280552.32881725626
2609,280209.6391707775
2610,281062.1377060571
2611,280745.5432547933
2612,272478.6769254877
2613,278065.7798145117
2614,278065.7798145117
2615,284882.5234095132
2616,272018.093619242
2617,280745.5432547933
2618,278874.9698285807
2619,280209.6391707775
2620,275736.63992184284
2621,273889.8730549657
2622,273889.8730549657
2623,279479.85674147
2624,280540.57729528536
2625,272356.8564882496
2626,281162.4628790279
2627,278065.7798145117
2628,277703.46742845787
2629,324100.1972704714
2630,273889.8730549657
2631,279479.85674147
2632,283500.7328790279
2633,274291.34411764704
2634,278065.7798145117
2635,274489.1499086502
2636,280660.8080295783
2637,279669.02555094584
2638,273897.93818994897
2639,275228.0073906486
2640,274489.1499086502
2641,279479.85674147
2642,272265.704196165
2643,273889.8730549657
2644,280209.6391707775
2645,275228.0073906486
2646,279669.02555094584
2647,273897.93818994897
2648,284882.5234095132
2649,273642.26247804274
2650,280115.7545456945
2651,273897.93818994897
2652,276770.39494949486
2653,273889.8730549657
2654,273897.93818994897
2655,297350.1168439933
2656,274489.1499086502
2657,280209.6391707775
2658,273897.93818994897
2659,278389.1515951245
2660,277156.9849284579
2661,273897.93818994897
2662,273897.93818994897
2663,271813.80419616506
2664,315024.4362106529
2665,276723.1236939166
2666,327665.107996447
2667,279479.85674147
2668,278065.7798145117
2669,273891.68771421013
2670,282086.48169214505
2671,273897.93818994897
2672,271128.6728687739
2673,325198.3645502932
2674,280209.6391707775
2675,280388.53146877146
2676,271813.80419616506
2677,280285.8150254784
2678,277265.4842112299
2679,280209.6391707775
2680,279669.02555094584
2681,273897.93818994897
2682,279479.85674147
2683,283230.12649885955
2684,288376.45229528536
2685,283500.7328790279
2686,271431.8556587548
2687,273382.0223779832
2688,278065.7798145117
2689,279669.02555094584
2690,283500.7328790279
2691,277365.71742845787
2692,277720.21275751275
2693,273897.93818994897
2694,280209.6391707775
2695,270673.88537843834
2696,274307.6628132832
2697,279693.7233588117
2698,280209.6391707775
2699,283500.7328790279
2700,277720.21275751275
2701,279479.85674147
2702,279669.02555094584
2703,279669.02555094584
2704,273889.8730549657
2705,273897.93818994897
2706,271790.61787843826
2707,278065.7798145117
2708,279278.46805555554
2709,279868.14396877144
2710,278065.7798145117
2711,280209.6391707775
2712,273889.8730549657
2713,274885.2991452991
2714,278065.7798145117
2715,273897.93818994897
2716,273889.8730549657
2717,279527.7821026089
2718,274885.2991452991
2719,271813.80419616506
2720,273889.8730549657
2721,280540.57729528536
2722,279479.85674147
2723,273382.0223779832
2724,273897.93818994897
2725,272593.1686480186
2726,275228.0073906486
2727,279324.07222222217
2728,273889.8730549657
2729,273889.8730549657
2730,274854.66227065213
2731,275736.63992184284
2732,279889.0432547933
2733,276396.5364253393
2734,280285.8150254784
2735,283500.7328790279
2736,280213.78164068947
2737,279669.02555094584
2738,283500.7328790279
2739,280209.6391707775
2740,280660.5106354381
2741,274854.66227065213
2742,285538.52580961416
2743,273897.93818994897
2744,279669.02555094584
2745,271566.19361924194
2746,325758.13296677807
2747,275736.63992184284
2748,273897.93818994897
2749,273642.26247804274
2750,280285.8150254784
2751,273889.8730549657
2752,275228.0073906486
2753,271431.8556587548
2754,286940.15055094584
2755,273889.8730549657
2756,280213.78164068947
2757,330206.1470516637
2758,273889.8730549657
2759,274217.3375068194
2760,280115.7545456945
2761,279669.02555094584
2762,278065.7798145117
2763,280209.6391707775
2764,273061.81320440624
2765,273382.0223779832
2766,275228.0073906486
2767,283500.7328790279
2768,273889.8730549657
2769,280745.5432547933
2770,273897.93818994897
2771,276060.8143099548
2772,273897.93818994897
2773,327665.107996447
2774,282534.8786909937
2775,273061.81320440624
2776,280209.6391707775
2777,279669.02555094584
2778,274778.43771421013
2779,275228.0073906486
2780,273897.93818994897
2781,272864.98104984936
2782,278065.7798145117
2783,283500.7328790279
2784,273897.93818994897
2785,276723.1236939166
2786,279693.7233588117
2787,280551.53164068947
2788,275228.0073906486
2789,279669.02555094584
2790,280285.8150254784
2791,273897.93818994897
2792,274885.2991452991
2793,275814.6791375291
2794,275736.63992184284
2795,273897.93818994897
2796,280209.6391707775
2797,278065.7798145117
2798,274369.3833333333
2799,274217.3375068194
2800,284882.5234095132
2801,279479.85674147
2802,273897.93818994897
2803,286940.15055094584
2804,273891.68771421013
2805,279693.7233588117
2806,283500.7328790279
2807,271220.36787843826
2808,317087.9231723121
2809,273889.8730549657
2810,273889.8730549657
2811,271566.19361924194
2812,276462.5521805897
2813,273897.93818994897
2814,273889.8730549657
2815,273889.8730549657
2816,271244.13537843834
2817,273897.93818994897
2818,269062.5583761244
2819,280285.8150254784
2820,283973.6460393905
2821,283500.7328790279
2822,273897.93818994897
2823,278065.7798145117
2824,273891.68771421013
2825,283500.7328790279
2826,276043.7298844197
2827,278065.7798145117
2828,282544.2534095132
2829,280209.6391707775
2830,273889.8730549657
2831,280209.6391707775
2832,277631.0374194068
2833,280745.5432547933
2834,273382.0223779832
2835,279693.7233588117
2836,273897.93818994897
2837,273889.8730549657
2838,273897.93818994897
2839,277078.9160890215
2840,333773.5726399332
2841,274854.66227065213
2842,279413.2710393905
2843,278065.7798145117
2844,329094.036812932
2845,288682.94537220837
2846,276396.5364253393
2847,278065.7798145117
2848,278558.42402402405
2849,274232.91366133874
2850,271790.61787843826
2851,275328.2085492938
2852,278946.43555555557
2853,273897.93818994897
2854,273897.93818994897
2855,273389.3056587548
2856,279669.02555094584
2857,280209.6391707775
2858,271813.80419616506
2859,273889.8730549657
2860,280209.6391707775
2861,267620.7878537696
2862,274856.4769298964
2863,275736.63992184284
2864,329963.197212932
2865,275600.1462644361
2866,275736.63992184284
2867,278065.7798145117
2868,271813.80419616506
2869,280745.5432547933
2870,278065.7798145117
2871,276770.39494949486
2872,275844.12436125963
2873,278065.7798145117
2874,273897.93818994897
2875,273897.93818994897
2876,278065.7798145117
2877,273897.93818994897
2878,278065.7798145117
2879,278065.7798145117
2880,273889.8730549657
2881,273073.12126623373
2882,273897.93818994897
2883,280209.6391707775
2884,273897.93818994897
2885,273889.8730549657
2886,273897.93818994897
2887,283500.7328790279
2888,280209.6391707775
2889,279403.6808867691
2890,278065.7798145117
2891,281238.3328508409
2892,274217.3375068194
2893,275382.9587065064
2894,275844.12436125963
2895,314062.94055847893
2896,273897.93818994897
2897,280209.6391707775
2898,276227.0780826179
2899,272478.6769254877
2900,275249.1452991453
2901,280209.6391707775
2902,275228.0073906486
2903,279479.85674147
2904,278065.7798145117
2905,276478.96742845787
2906,276101.02676767675
2907,273897.93818994897
2908,274856.4769298964
2909,275844.12436125963
2910,275711.16227065213
2911,275736.63992184284
2912,273889.8730549657
2913,273061.81320440624
2914,273897.93818994897
2915,273897.93818994897
2916,273891.68771421013
2917,314313.9209506358
2918,283500.7328790279
2919,283230.12649885955
2920,278065.7798145117
2921,272267.5188554093
2922,278065.7798145117
2923,273897.93818994897
2924,325079.40310734464
2925,273897.93818994897
2926,280209.6391707775
2927,278065.7798145117
2928,273897.93818994897
2929,280209.6391707775
2930,273212.2845526713
2931,280209.6391707775
2932,273889.8730549657
2933,280209.6391707775
2934,280209.6391707775
2935,273971.77929474175
2936,277703.46742845787
2937,278086.7210393905
2938,271207.4014641792
2939,273897.93818994897
2940,279669.02555094584
2941,273897.93818994897
2942,273889.8730549657
2943,271195.2626031992
2944,273897.93818994897
2945,273897.93818994897
2946,273897.93818994897
2947,271813.80419616506
2948,278065.7798145117
2949,278065.7798145117
2950,315017.69998390635
2951,274854.66227065213
2952,275711.16227065213
2953,292832.3897363084
2954,279693.7233588117
2955,280445.96618417423
2956,270472.82177350984
2957,271815.6188554093
2958,280209.6391707775
2959,275736.63992184284
2960,280209.6391707775
2961,275711.16227065213
2962,329353.147212932
2963,273897.93818994897
2964,279669.02555094584
2965,278657.8658220211
2966,273897.93818994897
2967,271220.36787843826
2968,280115.7545456945
2969,274778.43771421013
2970,273889.8730549657
2971,279669.02555094584
2972,279669.02555094584
2973,282290.151923842
2974,278065.7798145117
2975,273889.8730549657
2976,271813.80419616506
2977,275343.7564102564
2978,273382.0223779832
2979,274854.66227065213
2980,274285.6477131745
2981,276723.1236939166
2982,283500.7328790279
2983,274730.48502024286
2984,274854.66227065213
2985,275736.63992184284
2986,271885.25706762745
2987,280551.53164068947
2988,283500.7328790279
2989,283500.7328790279
2990,275736.63992184284
2991,279669.02555094584
2992,274854.66227065213
2993,273889.8730549657
2994,273382.0223779832
2995,273897.93818994897
2996,274635.8739091318
2997,280209.6391707775
2998,314766.7195917495
2999,271813.80419616506
